,Company Name,Ticker,Exchange,Sector,Industry,Optionable,Last Close,Beta,Market Cap (mil),Month of Fiscal Yr End,P/E (Trailing 12 Months),P/E (F1),P/E (F2),F0 Consensus Est.,F1 Consensus Est.,F2 Consensus Est.,EPS Growth F1,EPS Growth F2,F1 PEG,F2 PEG,PEG Ratio
2,AAC Technologies,AACAY,OTC,Computer and Technology,Electronics - Miscellaneous Components,NO,2.316,1.12,2775.73,12,23.16,12.87,9.26,0.1,0.18,0.25,0.7999999999999998,0.38888888888888895,0.16087500000000002,0.2381142857142857,
3,AIA,AAGIY,OTC,Finance,Insurance - Life Insurance,NO,40.95,0.54,118250.29,12,,16.92,14.27,2.19,2.42,2.87,0.1050228310502283,0.18595041322314057,1.6110782608695655,0.7674088888888886,
11,ABB,ABBNY,OTC,Industrial Products,Manufacturing - Electronics,YES,39.32,1.11,74000.34,12,25.2,23.48,20.78,1.22,1.67,1.89,0.3688524590163934,0.13173652694610777,0.636568888888889,1.5773909090909093,3.79
27,Air Canada,ACDVF,OTC,Transportation,Transportation - Airline,NO,19.11,1.96,6850.11,12,,16.06,10.62,-2.56,1.19,1.8,-1.46484375,0.5126050420168068,-0.10963626666666666,0.2071770491803278,
50,Ahold,ADRNY,OTC,Consumer Staples,Consumer Products - Staples,NO,34.65,0.48,33865.28,12,12.69,12.4,11.77,2.57,2.8,2.94,0.08949416342412451,0.050000000000000044,1.3855652173913044,2.353999999999998,2.62
57,Adyen,ADYEY,OTC,Business Services,Financial Transaction Services,NO,17.41,1.79,53989.71,12,,77.38,59.02,0.24,0.22,0.29,-0.0833333333333333,0.31818181818181807,-9.285600000000002,1.8549142857142866,2.97
73,Air France-KLM,AFLYY,OTC,Transportation,Transportation - Airline,NO,1.835,1.67,1179.23,12,3.06,4.71,5.73,0.07,0.39,0.32,4.571428571428571,-0.1794871794871795,0.010303125000000002,-0.31924285714285716,
78,Ageas,AGESY,OTC,Finance,Insurance - Multi line,NO,41.75,0.71,7847.8,12,6.91,5.99,5.3,4.68,6.97,7.87,0.48931623931623935,0.12912482065997136,0.12241572052401747,0.4104555555555554,0.36
92,Adecco,AHEXY,OTC,Business Services,Outsourcing,NO,19.15,1.34,6450.74,12,11.4,12.16,10.27,1.85,1.58,1.87,-0.14594594594594595,0.18354430379746836,-0.8331851851851851,0.5595379310344827,1.6
98,Air Liquide,AIQUY,OTC,Basic Materials,Chemical - Diversified ,NO,35.88,0.81,93959.88,12,,27.32,24.92,1.28,1.31,1.44,0.02343750000000002,0.09923664122137396,11.656533333333323,2.5111692307692333,2.99
101,Air China,AIRYY,OTC,Transportation,Transportation - Airline,NO,14.22,0.59,11518.76,12,,45.87,22.39,-6.46,0.31,0.63,-1.047987616099071,1.032258064516129,-0.43769601181683904,0.21690312500000003,
113,AkzoNobel,AKZOY,OTC,Basic Materials,Chemical - Diversified ,NO,27.56,1.17,14105.12,12,34.45,19.78,17.37,1.02,1.39,1.59,0.36274509803921556,0.14388489208633107,0.5452864864864867,1.207214999999999,0.73
119,Alfa Laval,ALFVY,OTC,Construction,Engineering - R and D Services,NO,36.48,1.37,15078.14,12,30.66,25.96,23.61,1.2,1.4,1.54,0.16666666666666663,0.10000000000000009,1.5576000000000003,2.360999999999998,2.9
126,Allianz,ALIZY,OTC,Finance,Insurance - Multi line,NO,23.59,1.1,95141.77,12,11.18,9.0,8.4,1.72,2.62,2.81,0.5232558139534884,0.07251908396946563,0.172,1.1583157894736846,2.51
134,Astellas Pharma,ALPMY,OTC,Medical,Medical - Drugs,NO,14.5,0.56,26240.12,3,18.13,16.48,12.83,0.73,0.88,1.13,0.20547945205479456,0.28409090909090895,0.8020266666666664,0.45161600000000024,0.68
136,Alstom,ALSMY,OTC,Transportation,Transportation - Rail,NO,2.95,1.22,11264.73,3,,42.14,20.34,0.07,0.07,0.14,0.0,1.0,inf,0.2034,
155,A.P. Moller-Maersk,AMKBY,OTC,Transportation,Transportation - Shipping,NO,10.2,1.46,38162.23,12,1.21,11.86,18.89,8.0,0.86,0.54,-0.8925,-0.3720930232558139,-0.13288515406162466,-0.5076687500000001,
176,Anta Sports Products,ANPDF,OTC,Consumer Discretionary,Shoes and Retail Apparel ,NO,10.386,0.62,28076.78,12,,18.22,14.63,0.4,0.57,0.71,0.4249999999999998,0.24561403508771934,0.42870588235294127,0.5956499999999999,
210,Arkema,ARKAY,OTC,Basic Materials,Chemical - Diversified ,NO,101.997,1.4,7654.21,12,7.62,9.81,8.49,16.11,10.4,12.02,-0.3544382371198013,0.1557692307692307,-0.276776007005254,0.5450370370370373,3.04
222,Assa Abloy,ASAZY,OTC,Industrial Products,Security and Safety Services,NO,12.4705,1.0,27748.77,12,20.44,18.9,18.34,0.58,0.66,0.68,0.13793103448275876,0.030303030303030328,1.3702499999999986,6.052199999999995,1.64
224,Associated British Foods,ASBFY,OTC,Consumer Staples,Food - Miscellaneous,NO,27.0,1.35,20956.8,9,,15.55,13.85,1.49,1.74,1.95,0.16778523489932887,0.12068965517241377,0.9267799999999999,1.1475714285714287,2.23
226,Aisin Seiki,ASEKY,OTC,Auto-Tires-Trucks,Automotive - Original Equipment,NO,32.63,0.99,8794.25,3,,8.8,6.97,2.54,3.71,4.68,0.4606299212598425,0.26145552560646895,0.19104273504273508,0.2665845360824743,
230,Ashtead Group,ASHTY,OTC,Industrial Products,Industrial Services,NO,283.25,1.8,31032.63,4,18.33,16.02,14.35,15.02,17.67,19.74,0.1764314247669775,0.11714770797962629,0.9080015094339615,1.2249492753623208,1.06
243,Advantest,ATEYY,OTC,Computer and Technology,Electronics - Measuring Instruments,NO,158.51,1.29,29606.34,3,30.84,43.91,35.15,5.11,3.61,4.51,-0.29354207436399227,0.2493074792243767,-1.4958673333333325,1.4099055555555555,
248,Atlas Copco,ATLKY,OTC,Industrial Products,Manufacturing - General Industrial ,NO,14.81,1.21,72137.81,12,29.62,29.04,26.93,0.46,0.51,0.55,0.10869565217391301,0.07843137254901968,2.6716800000000007,3.433574999999997,2.9
285,Axa,AXAHY,OTC,Finance,Insurance - Multi line,NO,29.82,1.25,68406.71,12,,8.51,7.9,3.19,3.51,3.78,0.1003134796238244,0.07692307692307693,0.8483406250000004,1.027,2.06
308,Bae Systems,BAESY,OTC,Aerospace,Aerospace - Defense Equipment,NO,48.82,0.69,37216.64,12,,16.17,14.15,2.65,3.02,3.45,0.13962264150943401,0.14238410596026496,1.1581216216216212,0.9937906976744182,1.23
309,Balfour Beatty,BAFYY,OTC,Construction,Building Products - Heavy Construction,NO,8.59,0.9,2418.64,12,,9.87,9.24,0.9,0.87,0.93,-0.03333333333333336,0.06896551724137938,-2.960999999999997,1.3397999999999988,
314,Bayerische Motoren Werke,BAMXF,OTC,Auto-Tires-Trucks,Automotive - Foreign,NO,121.0,1.04,72841.41,12,6.7,6.01,6.2,24.72,20.13,19.51,-0.18567961165048544,-0.030799801291604444,-0.32367581699346404,-2.0130000000000083,
318,BASF,BASFY,OTC,Basic Materials,Chemical - Diversified ,NO,12.74,1.22,46088.8,12,7.86,12.91,11.24,1.58,0.99,1.13,-0.3734177215189874,0.14141414141414133,-0.34572542372881354,0.7948285714285719,
328,BB Seguridade Participacoes,BBSEY,OTC,Finance,Insurance - Multi line,NO,6.38,0.84,12760.0,12,14.18,8.74,8.18,0.57,0.73,0.78,0.280701754385965,0.06849315068493157,0.31136249999999993,1.1942799999999987,0.78
338,Babcock International Group,BCKIY,OTC,Construction,Engineering - R and D Services,NO,3.63,1.37,1835.32,3,,7.56,6.85,0.41,0.48,0.53,0.17073170731707318,0.10416666666666677,0.44279999999999997,0.6575999999999993,
346,Banco Do Brasil,BDORY,OTC,Finance,Banks - Foreign,NO,10.0,0.68,28654.17,12,5.41,4.13,3.77,2.12,2.42,2.65,0.14150943396226406,0.09504132231404958,0.2918533333333335,0.39666956521739133,0.57
376,Swedish Orphan Biovitrum,BIOVF,OTC,Medical,Medical - Biomedical and Genetics,NO,19.445,0.51,5739.29,12,19.44,21.61,15.43,0.82,0.9,1.26,0.09756097560975618,0.39999999999999997,2.215024999999998,0.38575,
383,The Bank of East Asia,BKEAY,OTC,Finance,Banks - Foreign,NO,1.395,0.24,3716.79,12,,4.5,3.99,0.14,0.31,0.35,1.214285714285714,0.12903225806451607,0.037058823529411776,0.30922500000000014,0.2
384,Berkeley Group,BKGFY,OTC,Finance,Real Estate - Development,NO,10.6107,1.3,5650.91,4,,11.79,12.27,1.02,0.9,0.87,-0.11764705882352941,-0.03333333333333336,-1.00215,-3.680999999999997,
399,Bellway,BLWYY,OTC,Construction,Building Products - Miscellaneous,NO,24.95,-0.09,3013.63,7,,6.3,15.31,4.67,3.96,1.63,-0.15203426124197,-0.5883838383838385,-0.4143802816901409,-0.26020429184549354,
404,B&M European Value Retail,BMRRY,OTC,Consumer Discretionary,Consumer Products - Discretionary,NO,28.48,1.41,7133.2,3,,15.68,14.46,1.82,1.82,1.97,0.0,0.08241758241758236,inf,1.7544800000000014,1.7
405,Bayerische Motoren Werke AG Sponsored ADR,BMWYY,OTC,Auto-Tires-Trucks,Automotive - Foreign,NO,40.12,1.13,72528.67,12,,5.53,6.22,7.47,7.26,6.45,-0.028112449799196783,-0.11157024793388425,-1.9671000000000005,-0.5574962962962965,
410,BNP Paribas,BNPQY,OTC,Finance,Banks - Foreign,NO,31.935,1.48,78836.77,12,7.07,6.04,6.01,4.15,5.29,5.31,0.27469879518072277,0.0037807183364838514,0.21987719298245625,15.896450000000337,0.34
427,bpost,BPOSY,OTC,Consumer Discretionary,Consumer Services - Miscellaneous,NO,5.0863,0.92,1017.27,12,4.5,7.59,7.83,0.98,0.67,0.65,-0.31632653061224486,-0.02985074626865674,-0.239941935483871,-2.623049999999998,
432,Bridgestone,BRDCY,OTC,Auto-Tires-Trucks,Rubber - Tires,NO,20.6,0.5,28786.11,12,,9.86,10.15,1.51,2.09,2.03,0.38410596026490057,-0.028708133971291894,0.25670000000000004,-3.5355833333333297,1.08
440,Brother Industries,BRTHY,OTC,Computer and Technology,Electronics - Miscellaneous Products,NO,29.26,0.75,3770.97,3,13.0,10.76,9.85,3.14,2.72,2.97,-0.13375796178343946,0.09191176470588235,-0.8044380952380954,1.0716800000000002,
449,Barratt Developments,BTDPY,OTC,Finance,Real Estate - Development,NO,10.64,1.47,5184.79,6,,15.88,10.64,1.73,0.67,1.0,-0.6127167630057804,0.49253731343283574,-0.2591735849056604,0.21602424242424245,
454,British Land,BTLCY,OTC,Finance,Real Estate - Operations,NO,4.12,1.54,3820.15,3,,12.12,11.77,0.32,0.34,0.35,0.06250000000000006,0.029411764705882214,1.9391999999999983,4.001800000000019,
456,Britvic,BTVCY,OTC,Consumer Staples,Beverages - Soft drinks,NO,22.68,0.94,2924.36,9,,16.2,15.43,1.22,1.4,1.47,0.14754098360655732,0.050000000000000044,1.0980000000000003,3.085999999999997,
458,Burberry Group,BURBY,OTC,Retail-Wholesale,Retail - Apparel and Shoes,NO,27.44,1.26,10374.59,3,,17.74,15.74,1.47,1.55,1.74,0.05442176870748304,0.12258064516129029,3.2597249999999973,1.2840526315789478,2.22
461,Bavarian Nordic,BVNRY,OTC,Medical,Medical - Biomedical and Genetics,NO,9.555,1.5,2233.82,12,47.78,13.46,7.83,-0.14,0.71,1.22,-6.07142857142857,0.7183098591549296,-0.02216941176470589,0.10900588235294117,
462,Bureau Veritas Registre International De Classific,BVRDF,OTC,Business Services,Consulting Services,NO,25.23,1.09,11413.18,12,,18.83,17.77,1.14,1.34,1.42,0.17543859649122825,0.059701492537313314,1.0733099999999987,2.976475000000006,
466,Brambles,BXBLY,OTC,Industrial Products,Containers - Paper and Packaging,NO,19.3,0.92,13406.78,6,,18.74,17.71,0.91,1.03,1.09,0.13186813186813187,0.05825242718446607,1.4211166666666664,3.040216666666664,
474,Bunzl,BZLFY,OTC,Conglomerates,Diversified Operations,NO,36.53,0.89,12344.39,12,,16.33,15.75,2.14,2.24,2.32,0.04672897196261686,0.035714285714285546,3.4946199999999967,4.410000000000021,0.39
478,Carlsberg,CABGY,OTC,Consumer Staples,Beverages - Alcohol,NO,30.7,0.72,21084.27,12,,18.89,18.06,1.62,1.63,1.7,0.006172839506172707,0.04294478527607366,30.601800000000658,4.205399999999996,2.71
486,CaixaBank,CAIXY,OTC,Finance,Banks - Foreign,NO,1.39,0.06,31283.89,12,,6.62,6.32,0.13,0.21,0.22,0.6153846153846153,0.047619047619047665,0.10757500000000002,1.3271999999999988,
487,Canon,CAJPY,OTC,Computer and Technology,Office Automation and Equipment,YES,26.35,0.43,27556.09,12,13.8,14.17,14.4,1.83,1.86,1.83,0.016393442622950834,-0.01612903225806453,8.643699999999992,-8.927999999999994,
493,China Resources Cement Holdings,CARCY,OTC,Construction,Building Products - Concrete and Aggregates,NO,11.6098,0.09,2702.35,12,3.54,7.39,5.72,1.35,1.57,2.03,0.16296296296296292,0.29299363057324823,0.4534772727272729,0.19522608695652185,
517,Coca-Cola HBC,CCHGY,OTC,Consumer Staples,Beverages - Soft drinks,NO,30.42,1.17,11333.06,12,,14.98,14.22,1.75,2.03,2.14,0.1599999999999999,0.054187192118226764,0.9362500000000007,2.624236363636356,
546,Compagnie Financiere Richemont,CFRUY,OTC,Retail-Wholesale,Retail - Jewelry,NO,16.015,1.16,167196.59,3,,19.45,17.22,0.7,0.82,0.93,0.17142857142857143,0.13414634146341475,1.1345833333333333,1.283672727272726,1.52
549,Cap Gemini,CGEMY,OTC,Business Services,Outsourcing,NO,39.25,1.41,34065.49,12,,16.15,14.81,2.19,2.43,2.65,0.10958904109589052,0.0905349794238682,1.4736874999999985,1.63583181818182,1.87
560,Chugai Pharmaceutical Co.,CHGCY,OTC,Medical,Medical - Drugs,NO,13.92,0.62,45796.49,12,15.82,5.31,5.42,0.76,2.62,2.57,2.447368421052632,-0.019083969465648956,0.021696774193548384,-2.840079999999985,
583,Cielo,CIOXY,OTC,Finance,Financial - Miscellaneous Services,NO,0.8927,0.9,2413.59,12,14.88,5.95,5.58,0.1,0.15,0.16,0.4999999999999999,0.06666666666666674,0.11900000000000004,0.8369999999999992,0.39
586,CI Financial,CIXXF,OTC,Finance,Financial - Miscellaneous Services,YES,12.28,1.35,2161.22,12,5.43,5.01,4.48,2.27,2.45,2.74,0.0792951541850221,0.11836734693877551,0.631816666666666,0.3784827586206897,0.63
587,CHOW TAI FOOK,CJEWY,OTC,Retail-Wholesale,Retail - Jewelry,NO,16.7452,0.65,16745.2,3,,16.26,13.61,0.87,1.03,1.23,0.18390804597701152,0.19417475728155334,0.8841375,0.7009150000000002,
638,Croda International,COIHY,OTC,Basic Materials,Chemical - Specialty,NO,37.29,1.07,10414.01,12,,28.8,26.17,1.66,1.29,1.42,-0.22289156626506018,0.10077519379844953,-1.2921081081081085,2.5968692307692334,
668,Credit Agricole,CRARY,OTC,Finance,Banks - Foreign,NO,6.15,1.58,37218.6,12,6.41,7.41,6.76,0.76,0.83,0.91,0.09210526315789468,0.09638554216867479,0.8045142857142863,0.7013499999999993,
675,China Resources Enterprise,CRHKY,OTC,Conglomerates,Diversified Operations,NO,12.59,0.25,20422.09,12,,24.21,20.31,0.39,0.52,0.62,0.3333333333333333,0.19230769230769226,0.7263000000000002,1.0561200000000002,
684,Carrefour,CRRFY,OTC,Retail-Wholesale,Retail - Supermarkets,NO,3.915,0.63,14620.0,12,,9.67,7.53,0.35,0.41,0.52,0.17142857142857143,0.2682926829268294,0.5640833333333334,0.2806636363636362,0.42
698,CSL Limited,CSLLY,OTC,Medical,Medical - Biomedical and Genetics,NO,88.05,0.66,84945.23,6,,29.95,25.9,2.49,2.94,3.4,0.18072289156626495,0.15646258503401358,1.6572333333333342,1.6553478260869565,
708,Country Garden Holdings,CTRYY,OTC,Finance,Real Estate - Development,NO,4.8,1.26,5306.47,12,,3.38,3.58,1.27,1.42,1.34,0.11811023622047237,-0.05633802816901398,0.2861733333333335,-0.6354500000000012,
742,CyberAgent,CYGIY,OTC,Computer and Technology,Internet - Services,NO,3.92,-0.06,3966.44,9,,35.64,23.06,0.21,0.11,0.17,-0.47619047619047616,0.5454545454545455,-0.7484400000000001,0.42276666666666657,
751,Danone,DANOY,OTC,Consumer Staples,Food - Miscellaneous,NO,12.48,0.59,42293.04,12,,16.21,15.04,0.7,0.77,0.83,0.10000000000000009,0.07792207792207785,1.6209999999999987,1.930133333333335,
754,Dassault Systemes,DASTY,OTC,Computer and Technology,Computer - Software,NO,45.98,0.98,61385.89,12,38.64,35.51,32.38,1.17,1.29,1.42,0.10256410256410266,0.10077519379844953,3.4622249999999966,3.213092307692311,4.27
759,DBS Group,DBSDY,OTC,Finance,Banks - Foreign,NO,98.48,0.89,63495.47,12,,8.75,8.74,9.6,11.25,11.27,0.17187500000000006,0.00177777777777774,0.5090909090909089,49.16250000000105,1.33
799,Daikin Industries,DKILY,OTC,Computer and Technology,Electronics - Miscellaneous Products,NO,20.64,1.01,60498.73,3,31.75,33.29,30.81,0.63,0.62,0.67,-0.015873015873015886,0.08064516129032265,-20.972699999999982,3.8204399999999965,
810,DNB Bank ASA,DNBBY,OTC,Finance,Banks - Foreign,NO,20.17,1.28,31270.87,12,8.85,8.3,8.73,1.84,2.43,2.31,0.3206521739130435,-0.049382716049382755,0.25884745762711864,-1.7678249999999986,1.96
813,Dunelm Group,DNLMY,OTC,Consumer Discretionary,Textile - Home Furnishing,NO,14.32,0.02,2888.54,6,,15.07,13.77,0.91,0.95,1.04,0.04395604395604387,0.09473684210526324,3.4284250000000065,1.4534999999999987,
832,Dominos Pizza UK,DPUKY,OTC,Retail-Wholesale,Food - Natural Foods Products,NO,8.0,1.08,1663.78,12,,20.51,17.02,0.46,0.39,0.47,-0.15217391304347827,0.205128205128205,-1.3477999999999999,0.8297250000000005,
839,DISCO CORP,DSCSY,OTC,Industrial Products,Manufacturing - Material Handling,NO,16.85,1.13,18251.47,3,30.45,36.63,33.04,0.54,0.46,0.51,-0.14814814814814817,0.10869565217391301,-2.472525,3.039680000000001,
840,DSV,DSDVY,OTC,Transportation,Transportation - Services,NO,111.24,1.36,48723.12,12,19.52,25.99,24.34,5.83,4.28,4.57,-0.26586620926243565,0.0677570093457944,-0.9775593548387097,3.5922482758620684,3.7
846,Deutsche Telekom,DTEGY,OTC,Utilities,Diversified Communication Services,NO,22.23,0.59,105847.22,12,12.08,11.95,10.95,1.82,1.86,2.03,0.021978021978021997,0.09139784946236543,5.437249999999995,1.1980588235294138,1.74
854,Campari Group,DVDCF,OTC,Consumer Staples,Beverages - Alcohol,NO,14.45,0.88,26404.75,12,,34.4,31.41,0.37,0.42,0.46,0.13513513513513511,0.09523809523809533,2.5456000000000003,3.298049999999997,
865,Airbus Group,EADSY,OTC,Aerospace,Aerospace - Defense,NO,37.59,1.59,118843.88,12,32.97,23.89,19.24,1.32,1.57,1.95,0.1893939393939394,0.24203821656050947,1.261392,0.7949157894736844,1.93
893,Elekta,EKTAY,OTC,Medical,Medical - Instruments,NO,8.125,1.08,3116.49,4,24.62,23.9,20.31,0.16,0.34,0.4,1.125,0.1764705882352941,0.21244444444444444,1.1509,
900,Electrolux,ELUXY,OTC,Consumer Discretionary,Household Appliances,NO,29.27,1.26,4142.84,12,,15.32,7.41,0.16,1.91,3.95,10.9375,1.068062827225131,0.014006857142857144,0.06937794117647059,
922,E.ON,EONGY,OTC,Utilities,Utility - Electric Power,NO,12.75,0.75,33676.82,12,10.2,11.7,11.09,1.01,1.09,1.15,0.07920792079207928,0.05504587155963287,1.4771249999999987,2.014683333333339,
927,Epiroc Aktiebolag,EPOKY,OTC,Industrial Products,Manufacturing - General Industrial ,NO,19.57,1.64,23752.87,12,28.36,26.45,25.09,0.67,0.74,0.78,0.10447761194029843,0.054054054054054106,2.531642857142859,4.641649999999996,3.44
938,EUROFINS SCIENT,ERFSF,OTC,Medical,Medical Services,NO,68.0,0.71,13087.92,12,,25.47,21.73,3.72,2.67,3.13,-0.2822580645161291,0.17228464419475656,-0.902365714285714,1.2612847826086957,
948,EssilorLuxottica,ESLOY,OTC,Medical,Medical - Products,NO,98.66,1.06,89503.83,12,,26.96,24.73,3.51,3.66,3.99,0.04273504273504284,0.09016393442622953,6.3086399999999845,2.7427818181818178,3.32
992,Experian,EXPGY,OTC,Business Services,Business - Information Services,NO,39.14,0.96,36009.93,3,,26.45,23.91,1.36,1.48,1.64,0.08823529411764697,0.10810810810810806,2.99766666666667,2.211675000000001,2.2
1003,Fanuc,FANUY,OTC,Industrial Products,Industrial Automation and Robotics,NO,16.99,0.97,34084.45,3,25.74,48.54,39.98,0.13,0.35,0.43,1.692307692307692,0.22857142857142862,0.28682727272727276,1.7491249999999996,15.46
1029,Flight Centre,FGETF,OTC,Consumer Discretionary,Leisure and Recreation Services,NO,12.15,-0.19,2426.94,6,,20.59,14.46,0.24,0.59,0.84,1.4583333333333333,0.42372881355932207,0.14118857142857144,0.341256,
1077,First Quantum Minerals,FQVLF,OTC,Basic Materials,Mining - Non Ferrous,NO,25.86,1.96,17920.27,12,26.94,36.42,15.86,1.49,0.71,1.63,-0.5234899328859061,1.295774647887324,-0.6957153846153846,0.1223978260869565,11.49
1094,Fresenius SE & Co.,FSNUY,OTC,Medical,Medical - Outpatient and Home Healthcare,NO,7.31,1.08,16330.6,12,9.88,10.75,8.91,0.83,0.68,0.82,-0.18072289156626495,0.20588235294117632,-0.5948333333333337,0.4327714285714289,
1106,Subaru Corporation,FUJHY,OTC,Auto-Tires-Trucks,Automotive - Foreign,NO,8.85,0.64,13581.7,3,8.94,7.22,6.44,1.06,1.23,1.38,0.16037735849056597,0.12195121951219505,0.4501882352941178,0.5280800000000003,0.31
1107,Fujifilm,FUJIY,OTC,Computer and Technology,Semiconductor Equipment - Photomasks,NO,58.79,0.41,24375.85,3,14.55,14.59,13.17,3.77,4.03,4.47,0.06896551724137936,0.10918114143920582,2.115549999999998,1.2062522727272742,
1111,Fuchs Petrolub,FUPBY,OTC,Oils-Energy,Oil and Gas - Integrated - International,NO,10.39,1.06,5776.84,12,,17.32,15.74,0.5,0.6,0.66,0.19999999999999996,0.10000000000000009,0.8660000000000002,1.5739999999999987,1.36
1127,Gibson Energy,GBNXF,OTC,Oils-Energy,Oil and Gas - Integrated - Canadian,NO,15.75,1.03,2230.52,12,11.84,12.31,12.09,1.13,1.28,1.3,0.13274336283185853,0.015625000000000014,0.9273533333333325,7.737599999999993,
1145,Geely Automobile,GELYY,OTC,Auto-Tires-Trucks,Automotive - Foreign,NO,24.85,0.97,12495.79,12,,13.58,11.89,1.11,1.83,2.09,0.6486486486486486,0.14207650273224032,0.20935833333333337,0.8368730769230777,
1169,Glencore,GLNCY,OTC,Basic Materials,Mining - Miscellaneous,NO,11.88,1.37,73644.84,12,,8.26,7.41,3.09,1.44,1.6,-0.5339805825242718,0.11111111111111122,-0.15468727272727273,0.6668999999999994,
1173,Galp Energia,GLPEY,OTC,Oils-Energy,Oil and Gas - Refining and Marketing,NO,6.09,0.73,9220.65,12,,8.23,6.69,0.64,0.74,0.91,0.15624999999999997,0.2297297297297298,0.5267200000000002,0.2912117647058823,
1199,Great Portland Estates,GPEAF,OTC,Finance,Real Estate - Development,NO,4.92,0.19,1249.03,3,,41.0,44.73,0.11,0.12,0.11,0.09090909090909087,-0.0833333333333333,4.5100000000000025,-5.367600000000001,
1210,Gree,GREZF,OTC,Computer and Technology,Internet - Services,NO,6.2,0.09,1074.86,6,,31.0,31.0,0.22,0.2,0.2,-0.09090909090909087,0.0,-3.4100000000000015,inf,
1223,Green Thumb Industries Inc.,GTBIF,OTC,Medical,Medical - Products,NO,7.27,1.84,1723.07,12,31.61,30.58,19.73,0.33,0.24,0.37,-0.27272727272727276,0.5416666666666667,-1.1212666666666664,0.36424615384615383,
1229,Givaudan,GVDNY,OTC,Basic Materials,Chemical - Specialty,NO,68.57,0.65,31657.35,12,,32.89,29.12,1.97,2.09,2.36,0.060913705583756285,0.1291866028708134,5.399441666666672,2.2541037037037035,3.89
1240,HAYS,HAYPY,OTC,Business Services,Staffing Firms,NO,12.85,0.73,2042.04,6,,15.86,10.62,1.03,0.81,1.21,-0.2135922330097087,0.493827160493827,-0.7425363636363637,0.21505500000000005,
1245,Harbour Energy,HBRIY,OTC,Oils-Energy,Oil and Gas - Exploration and Production - International,NO,3.15,1.59,2517.38,12,,7.78,6.3,1.21,0.41,0.5,-0.6611570247933884,0.2195121951219513,-0.11767249999999999,0.28699999999999987,
1250,Holcim Ltd Unsponsored ADR,HCMLY,OTC,Construction,Building Products - Miscellaneous,NO,13.61,1.12,39409.43,12,,11.39,10.76,1.27,1.2,1.26,-0.05511811023622052,0.050000000000000044,-2.066471428571427,2.151999999999998,1.65
1255,HEIDELBERG MATL,HDELY,OTC,Construction,Building Products - Concrete and Aggregates,NO,16.02,1.39,15466.66,12,,7.95,7.28,1.76,2.02,2.2,0.14772727272727273,0.08910891089108919,0.5381538461538461,0.816977777777777,0.82
1258,Hengan International Group Co.,HEGIY,OTC,Consumer Discretionary,Consumer Products - Discretionary,NO,19.56,0.33,4546.22,12,,10.93,8.81,1.19,1.79,2.22,0.504201680672269,0.24022346368715092,0.21677833333333327,0.3667418604651162,
1262,Henkel AG & Co.,HENKY,OTC,Consumer Staples,Soap and Cleaning Materials,NO,17.75,0.61,30623.74,12,,16.14,13.35,1.04,1.1,1.33,0.057692307692307744,0.20909090909090905,2.7975999999999974,0.6384782608695653,
1277,Hikma Pharmaceuticals,HKMPF,OTC,Medical,Medical - Drugs,NO,23.12,0.6,5091.69,12,,11.86,11.62,1.76,1.95,1.99,0.10795454545454543,0.02051282051282053,1.0986105263157897,5.664749999999995,
1279,Henderson Land Development Co.,HLDCY,OTC,Finance,Real Estate - Operations,NO,2.91,0.7,14088.44,12,,9.7,7.86,0.3,0.3,0.37,0.0,0.23333333333333336,inf,0.33685714285714285,0.72
1287,Hang Lung Properties,HLPPY,OTC,Finance,Real Estate - Operations,NO,7.385,0.42,6645.41,12,,11.72,9.12,0.64,0.63,0.81,-0.015625000000000014,0.2857142857142858,-7.500799999999994,0.3191999999999999,
1293,Hammerson,HMSNF,OTC,Finance,Real Estate - Operations,NO,0.3246,1.81,1621.24,12,,10.82,16.23,0.02,0.03,0.02,0.4999999999999999,-0.3333333333333333,0.21640000000000006,-0.48690000000000005,
1299,Hennes & Mauritz,HNNMY,OTC,Retail-Wholesale,Retail - Apparel and Shoes,NO,3.43,1.44,24615.17,11,68.6,32.16,25.1,0.1,0.11,0.14,0.09999999999999995,0.2727272727272728,3.2160000000000015,0.9203333333333331,
1300,Hoya,HOCPY,OTC,Computer and Technology,Electronics - Miscellaneous Products,NO,118.93,0.7,42111.75,3,34.17,34.98,30.89,3.43,3.4,3.85,-0.008746355685131267,0.13235294117647065,-39.99379999999967,2.33391111111111,
1321,Hang Seng Bank,HSNGY,OTC,Finance,Banks - Foreign,NO,14.1,0.39,26956.98,12,,11.65,11.28,0.74,1.21,1.25,0.6351351351351351,0.03305785123966945,0.18342553191489364,3.412199999999997,0.47
1326,Hitachi,HTHIY,OTC,Conglomerates,Diversified Operations,NO,127.63,0.83,59863.77,3,12.35,16.22,15.75,9.69,7.87,8.1,-0.18782249742002058,0.029224904701397655,-0.8635813186813189,5.3892391304347935,2.21
1353,Iberdrola,IBDRY,OTC,Utilities,Utility - Electric Power,NO,50.46,0.65,81320.88,12,16.88,16.82,15.87,2.79,3.0,3.18,0.07526881720430106,0.06000000000000005,2.2346571428571433,2.6449999999999974,2.09
1361,International Consolidated Airlines Group,ICAGY,OTC,Transportation,Transportation - Airline,NO,3.9974,2.1,3961.28,12,,6.15,5.06,0.12,0.65,0.79,4.416666666666667,0.2153846153846154,0.013924528301886792,0.2349285714285714,0.13
1372,Industria de Diseno Textil,IDEXY,OTC,Retail-Wholesale,Retail - Apparel and Shoes,NO,19.8,1.11,123419.42,1,29.55,22.59,21.06,0.71,0.88,0.94,0.23943661971830993,0.06818181818181812,0.9434647058823528,3.0888000000000027,2.03
1382,Infineon Technologies,IFNNY,OTC,Computer and Technology,Electronics - Semiconductors,NO,43.06,1.8,56232.96,9,16.95,14.85,15.34,2.0,2.9,2.81,0.44999999999999996,-0.03103448275862064,0.33000000000000007,-4.942888888888897,0.91
1390,Internet Initiative Japan,IIJIY,OTC,Computer and Technology,Internet - Services,NO,36.43,0.61,3335.92,3,23.66,20.82,18.78,1.58,1.75,1.94,0.10759493670886071,0.10857142857142854,1.9350352941176479,1.7297368421052637,
1399,INTERTEK GP,IKTSY,OTC,Business Services,Business - Information Services,NO,53.83,0.75,8687.79,12,,19.61,18.25,2.45,2.74,2.95,0.11836734693877551,0.07664233576642333,1.6567068965517242,2.381190476190477,2.69
1402,Imperial Tobacco Group,IMBBY,OTC,Consumer Staples,Tobacco,NO,23.37,0.66,21305.65,9,,6.67,6.13,2.93,3.51,3.82,0.197952218430034,0.08831908831908834,0.3369500000000002,0.694074193548387,
1450,Intesa Sanpaolo,ISNPY,OTC,Finance,Banks - Foreign,NO,16.52,1.18,50338.64,12,,6.69,6.53,1.67,2.47,2.53,0.47904191616766484,0.024291497975708343,0.13965374999999997,2.688183333333351,0.31
1491,J D Wetherspoon,JDWPY,OTC,Retail-Wholesale,Retail - Restaurants,NO,44.87,1.05,1155.4,7,,28.95,18.85,-0.02,1.55,2.38,-78.5,0.5354838709677419,-0.0036878980891719743,0.3520180722891567,
1502,Johnson Matthey,JMPLY,OTC,Basic Materials,Chemical - Diversified ,NO,46.361,1.26,4252.54,3,,10.75,9.63,4.43,4.31,4.81,-0.027088036117381517,0.1160092807424594,-3.9685416666666624,0.830106,
1509,The Japan Steel Works,JPSWY,OTC,Industrial Products,Manufacturing - General Industrial ,NO,10.505,0.69,1562.89,3,25.01,11.3,9.64,0.71,0.93,1.09,0.3098591549295776,0.17204301075268819,0.364681818181818,0.560325,
1510,Jeronimo Martins SGPS,JRONY,OTC,Retail-Wholesale,Retail - Supermarkets,NO,58.425,0.78,18383.23,12,27.69,21.56,19.48,2.14,2.71,3.0,0.2663551401869158,0.10701107011070111,0.809445614035088,1.8203724137931032,1.77
1511,J. Sainsbury,JSAIY,OTC,Retail-Wholesale,Retail - Supermarkets,NO,14.13,0.85,8360.23,3,,13.33,12.79,1.05,1.06,1.11,0.009523809523809532,0.047169811320754755,13.996499999999989,2.7114799999999977,
1521,KBC Group,KBCSY,OTC,Finance,Banks - Foreign,NO,37.42,1.11,31220.96,12,9.24,8.48,8.05,3.5,4.41,4.65,0.26000000000000006,0.05442176870748304,0.32615384615384607,1.479187499999999,0.73
1539,Kingfisher,KGFHY,OTC,Retail-Wholesale,Retail - Miscellaneous,NO,6.11,1.3,5859.32,1,,10.1,8.31,0.7,0.61,0.74,-0.12857142857142853,0.21311475409836067,-0.7855555555555558,0.38993076923076925,
1542,Kuehne & Nagel International,KHNGY,OTC,Transportation,Transportation - Services,NO,62.9,0.91,37977.07,12,15.57,24.57,25.89,4.71,2.56,2.43,-0.4564755838641189,-0.05078124999999996,-0.5382544186046512,-5.098338461538466,
1549,Klabin,KLBAY,OTC,Basic Materials,Paper and Related Products,NO,8.9,1.09,4999.92,12,5.43,9.08,8.73,1.91,0.98,1.02,-0.4869109947643979,0.04081632653061228,-0.18648172043010755,2.1388499999999984,1.71
1556,Komatsu,KMTUY,OTC,Industrial Products,Manufacturing - Construction and Mining,NO,27.18,1.26,26458.4,3,10.58,10.72,10.52,2.43,2.54,2.59,0.0452674897119341,0.01968503937007867,2.3681454545454574,5.344160000000019,2.14
1565,Kone Oyj,KNYJY,OTC,Industrial Products,Manufacturing - Electronics,NO,26.59,0.71,28153.27,12,34.09,25.94,22.63,0.81,1.02,1.17,0.2592592592592592,0.1470588235294117,1.0005428571428574,1.5388400000000007,2.15
1579,Kerry Group,KRYAY,OTC,Consumer Staples,Food - Miscellaneous,NO,99.35,0.7,17594.26,12,,21.5,19.25,4.45,4.62,5.16,0.038202247191011215,0.1168831168831169,5.627941176470592,1.6469444444444443,
1588,Kawasaki Heavy Industries,KWHIY,OTC,Industrial Products,Manufacturing - General Industrial ,NO,9.97,0.94,4185.45,3,10.39,9.59,7.79,1.25,1.04,1.28,-0.16799999999999998,0.23076923076923075,-0.5708333333333334,0.3375666666666667,
1591,Kyocera,KYOCY,OTC,Computer and Technology,Electronics - Miscellaneous Components,NO,54.85,0.43,19685.71,3,20.86,21.43,18.98,2.44,2.56,2.89,0.04918032786885251,0.12890625000000003,4.357433333333329,1.4723878787878784,3.92
1635,Lion Corp.,LIOPF,OTC,Consumer Staples,Consumer Products - Staples,NO,10.72,0.11,3046.98,12,26.8,24.93,21.88,0.49,0.43,0.49,-0.12244897959183673,0.13953488372093023,-2.03595,1.5680666666666665,
1648,Li Ning Co.,LNNGY,OTC,Retail-Wholesale,Retail - Apparel and Shoes,NO,131.682,0.71,13884.78,12,,18.89,14.63,5.78,6.97,9.0,0.20588235294117638,0.2912482065997131,0.9175142857142862,0.5023206896551723,
1651,Lenovo Group,LNVGY,OTC,Computer and Technology,Computer - Mini computers,NO,21.65,0.99,13128.7,3,8.56,8.84,7.68,2.59,2.45,2.82,-0.05405405405405393,0.15102040816326515,-1.6354000000000037,0.5085405405405411,1.1
1664,L'Oreal,LRLCY,OTC,Consumer Staples,Cosmetics,NO,93.07,0.86,249410.42,12,,35.52,32.83,2.34,2.62,2.84,0.11965811965811977,0.08396946564885487,2.9684571428571402,3.90975454545455,3.47
1681,Lundin Mining,LUNMF,OTC,Basic Materials,Mining - Non Ferrous,NO,8.46,1.59,6535.26,12,21.15,15.38,9.4,0.63,0.55,0.9,-0.12698412698412692,0.6363636363636362,-1.2111750000000006,0.14771428571428574,1.76
1683,LVMH Moet Hennessy Louis Vuitton,LVMUY,OTC,Consumer Discretionary,Textile - Apparel,NO,193.49,1.08,485706.72,12,,26.52,23.69,6.08,7.3,8.17,0.20065789473684206,0.11917808219178085,1.3216524590163938,1.987781609195402,1.75
1694,Lonza Group,LZAGY,OTC,Medical,Medical - Products,NO,62.9,0.93,46840.85,12,,37.67,29.19,1.56,1.67,2.15,0.07051282051282043,0.2874251497005988,5.342290909090916,1.0155687500000001,
1702,Marks and Spencer Group,MAKSY,OTC,Retail-Wholesale,Retail - Supermarkets,NO,5.11,1.64,5037.68,3,,12.94,10.65,0.4,0.4,0.48,0.0,0.1999999999999999,inf,0.5325000000000003,1.61
1708,Marubeni,MARUY,OTC,Conglomerates,Diversified Operations,NO,169.36,0.96,28764.03,3,7.23,9.99,9.47,24.64,16.96,17.88,-0.3116883116883117,0.054245283018867815,-0.32051250000000003,1.7457739130434817,4.58
1719,Mercedes-Benz Group AG,MBGAF,OTC,Auto-Tires-Trucks,Automotive - Foreign,NO,81.64,1.28,87341.52,12,5.61,5.82,5.79,14.39,14.03,14.1,-0.02501737317581662,0.004989308624376357,-2.3263833333333257,11.60481428571424,3.44
1722,Mitchells & Butlers,MBPFF,OTC,Retail-Wholesale,Retail - Restaurants,NO,2.585,0.95,1544.24,9,,19.15,12.93,0.17,0.14,0.2,-0.1764705882352941,0.4285714285714285,-1.0851666666666668,0.3017000000000001,
1753,Michelin,MGDDY,OTC,Auto-Tires-Trucks,Rubber - Tires,NO,15.29,1.11,21837.73,12,,9.91,9.89,1.24,1.54,1.55,0.24193548387096778,0.006493506493506499,0.4096133333333333,15.230599999999988,0.27
1763,Mitsubishi Electric,MIELF,OTC,Computer and Technology,Electronics - Miscellaneous Products,NO,15.03,0.69,32272.43,3,20.04,17.08,14.88,0.15,0.88,1.01,4.866666666666667,0.14772727272727273,0.035095890410958896,1.0072615384615384,
1767,Mitie Group,MITFY,OTC,Business Services,Business - Services,NO,5.09,1.42,1716.09,3,,10.39,9.98,0.41,0.49,0.51,0.19512195121951226,0.04081632653061228,0.5324874999999999,2.445099999999998,
1768,Mitsui & Co.,MITSY,OTC,Industrial Products,Metal Products - Distribution,NO,735.81,0.81,56079.74,3,6.89,8.76,9.47,114.99,84.04,77.74,-0.26915383946430116,-0.07496430271299394,-0.3254644264943458,-1.2632679365079345,7.68
1802,MONDI PLC UNS,MONDY,OTC,Basic Materials,Paper and Related Products,NO,33.45,1.06,8120.89,12,,18.84,19.17,3.3,1.77,1.75,-0.4636363636363636,-0.011299435028248598,-0.40635294117647064,-16.965449999999983,2.24
1803,MONOTARO,MONOY,OTC,Retail-Wholesale,Internet - Commerce,NO,12.57,0.61,6301.98,12,40.55,39.28,33.97,0.28,0.32,0.37,0.14285714285714277,0.15624999999999997,2.749600000000002,2.1740800000000005,
1810,PAGEGROUP,MPGPF,OTC,Business Services,Consulting Services,NO,5.1201,0.94,1682.56,12,,16.52,14.63,0.55,0.31,0.35,-0.4363636363636364,0.12903225806451607,-0.37858333333333327,1.1338250000000005,
1852,MTU Aero Engines,MTUAY,OTC,Aerospace,Aerospace - Defense,NO,126.41,1.43,13514.02,12,24.22,21.53,17.66,4.4,5.87,7.16,0.334090909090909,0.21976149914821125,0.6444353741496601,0.8035984496124031,
1860,Mnchener RckversicherungsGesellschaft,MURGY,OTC,Finance,Insurance - Multi line,NO,37.83,0.9,51625.91,12,12.2,10.03,9.16,2.56,3.77,4.13,0.47265625,0.09549071618037132,0.21220495867768593,0.9592555555555559,1.91
1868,Mazda Motor,MZDAY,OTC,Auto-Tires-Trucks,Automotive - Foreign,NO,4.55,1.01,5749.42,3,4.89,6.36,5.65,0.8,0.71,0.81,-0.1125000000000001,0.14084507042253536,-0.5653333333333328,0.4011499999999996,
1871,National Australia Bank,NABZY,OTC,Finance,Banks - Foreign,NO,9.25,1.15,57910.96,9,,11.28,12.01,0.75,0.82,0.77,0.09333333333333327,-0.06097560975609748,1.2085714285714293,-1.9696400000000025,1.87
1882,Newcrest Mining,NCMGY,OTC,Basic Materials,Mining - Gold,NO,18.75,0.98,16766.83,6,,19.95,16.89,0.89,0.94,1.11,0.0561797752808988,0.1808510638297874,3.551100000000005,0.9339176470588227,
1888,New World Development Co.,NDVLY,OTC,Finance,Real Estate - Development,NO,1.1435,0.61,1453.64,6,,6.02,2.72,0.28,0.19,0.42,-0.3214285714285715,1.2105263157894737,-0.1872888888888888,0.022469565217391307,
1904,Anglo American,NGLOY,OTC,Basic Materials,Mining - Miscellaneous,NO,15.08,1.17,40341.35,12,,9.95,8.52,2.43,1.51,1.77,-0.37860082304526754,0.17218543046357615,-0.2628097826086956,0.49481538461538455,
1908,Norsk Hydro ASA,NHYDY,OTC,Industrial Products,Metal Products - Procurement and Fabrication,NO,6.465,1.59,13253.25,12,6.81,10.96,8.74,1.12,0.59,0.74,-0.4732142857142858,0.25423728813559326,-0.23160754716981127,0.3437733333333333,1.47
1912,Nikon,NINOY,OTC,Computer and Technology,Electronics - Manufacturing Machinery,NO,13.115,0.61,4609.62,3,14.26,17.49,14.57,0.94,0.75,0.9,-0.20212765957446804,0.20000000000000004,-0.8652947368421053,0.7284999999999999,
1914,Nidec,NJDCY,OTC,Computer and Technology,Electronics - Miscellaneous Components,NO,13.79,1.21,31781.04,3,98.5,27.04,22.79,0.39,0.51,0.61,0.30769230769230765,0.19607843137254896,0.8788,1.1622900000000003,1.71
1924,NN Group,NNGRY,OTC,Finance,Insurance - Life Insurance,NO,18.95,0.94,10699.4,12,,10.71,7.04,2.85,1.77,2.69,-0.37894736842105264,0.519774011299435,-0.282625,0.13544347826086958,
1942,Nordea Bank,NRDBY,OTC,Finance,Banks - Foreign,NO,11.67,1.08,41887.71,12,8.64,8.34,8.1,1.09,1.4,1.44,0.2844036697247705,0.0285714285714286,0.2932451612903227,2.8349999999999973,0.86
1944,Nomura Research Institute,NRILY,OTC,Business Services,Technology Services,NO,28.53,0.48,16936.9,3,,26.92,24.59,0.96,1.06,1.16,0.10416666666666677,0.0943396226415093,2.5843199999999977,2.606540000000004,
1947,Nissan Motor Co.,NSANY,OTC,Auto-Tires-Trucks,Automotive - Foreign,NO,8.04,1.05,15736.14,3,6.48,6.64,5.6,0.62,1.21,1.43,0.9516129032258064,0.1818181818181818,0.06977627118644068,0.308,0.24
1951,Nestle,NSRGY,OTC,Consumer Staples,Food - Miscellaneous,NO,121.53,0.52,324485.09,12,,22.08,20.63,5.19,5.51,5.89,0.06165703275529853,0.0689655172413793,3.581100000000007,2.9913500000000006,
1957,Nintendo,NTDOY,OTC,Consumer Discretionary,Toys - Games - Hobbies,NO,11.4,0.48,59220.27,3,12.53,19.21,19.11,0.62,0.59,0.6,-0.04838709677419359,0.0169491525423729,-3.9700666666666637,11.274899999999988,
1958,Ntt Data,NTDTY,OTC,Business Services,Technology Services,NO,13.9,1.11,19494.75,3,17.38,18.53,16.16,0.7,0.75,0.86,0.0714285714285715,0.14666666666666664,2.5941999999999976,1.101818181818182,
1986,Novozymes,NVZMY,OTC,Basic Materials,Chemical - Specialty,NO,49.83,0.71,11324.19,12,27.38,27.99,25.23,1.8,1.78,1.98,-0.01111111111111112,0.11235955056179772,-25.190999999999978,2.2454700000000005,10.68
1998,Next,NXGPY,OTC,Retail-Wholesale,Retail - Apparel and Shoes,NO,45.61,1.49,11593.43,1,,13.7,12.76,3.45,3.33,3.57,-0.0347826086956522,0.072072072072072,-3.938749999999996,1.7704500000000016,
2025,Oriental Land,OLCLY,OTC,Consumer Discretionary,Hotels and Motels,NO,40.41,0.27,73483.59,3,130.35,77.71,65.18,0.37,0.52,0.62,0.4054054054054055,0.19230769230769226,1.9168466666666661,3.3893600000000013,
2037,Omron,OMRNY,OTC,Computer and Technology,Electronics - Miscellaneous Components,NO,60.98,1.15,12576.82,3,22.34,23.91,23.06,2.66,2.55,2.64,-0.04135338345864673,0.03529411764705894,-5.781872727272711,6.533666666666644,11.28
2038,OMV,OMVJF,OTC,Oils-Energy,Oil and Gas - Integrated - International,NO,45.31,0.68,14815.23,12,3.26,4.53,5.11,14.84,10.0,8.87,-0.32614555256064687,-0.11300000000000007,-0.1388950413223141,-0.4522123893805307,
2069,OverseaChinese Banking,OVCHY,OTC,Finance,Banks - Foreign,NO,18.69,0.69,42020.52,12,,7.99,7.89,2.03,2.34,2.37,0.15270935960591137,0.012820512820512928,0.5232161290322579,6.154199999999948,
2072,Oxford Instruments,OXINF,OTC,Computer and Technology,Nanotechnology,NO,33.5,0.79,1932.53,3,,23.02,22.48,1.37,1.46,1.49,0.0656934306569342,0.02054794520547947,3.5041555555555615,10.940266666666655,
2109,Panasonic,PCRFY,OTC,Consumer Discretionary,Audio Video Production,NO,11.91,0.98,29227.81,3,14.18,12.95,11.1,0.6,0.92,1.07,0.5333333333333334,0.1630434782608696,0.24281249999999993,0.6807999999999998,0.54
2120,Flutter Entertainment,PDYPY,OTC,Consumer Staples,Publishing - Books,NO,101.34,1.19,35780.51,12,,38.53,27.02,1.33,2.63,3.75,0.9774436090225562,0.4258555133079848,0.39419153846153854,0.6344875,0.82
2137,PIGEON CORP,PGENY,OTC,Consumer Discretionary,Consumer Products - Discretionary,NO,3.3938,-0.02,1651.47,12,28.28,28.28,24.24,0.14,0.12,0.14,-0.14285714285714296,0.16666666666666682,-1.9795999999999987,1.4543999999999986,
2177,Ping An Insurance Co. of China,PNGAY,OTC,Finance,Insurance - Multi line,NO,13.19,0.57,120558.18,12,,5.47,4.8,1.66,2.41,2.75,0.45180722891566283,0.1410788381742738,0.12106933333333328,0.3402352941176472,
2191,Kering,PPRUY,OTC,Retail-Wholesale,Retail - Apparel and Shoes,NO,55.27,1.14,68573.92,12,,17.14,15.86,3.31,3.22,3.48,-0.027190332326283945,0.08074534161490676,-6.303711111111122,1.9642000000000015,3.48
2204,Pernod Ricard,PRNDY,OTC,Consumer Staples,Beverages - Alcohol,NO,45.03,0.6,58076.85,6,,20.94,18.76,2.05,2.15,2.4,0.0487804878048781,0.11627906976744186,4.2926999999999955,1.6133600000000001,1.94
2208,Premier Foods,PRRFY,OTC,Consumer Staples,Food - Miscellaneous,NO,8.025,1.87,1393.99,3,,10.42,9.55,0.76,0.77,0.84,0.013157894736842117,0.09090909090909084,7.919199999999993,1.0505000000000009,
2215,Persimmon,PSMMY,OTC,Construction,Building Products - Home Builders,NO,27.38,1.51,4372.85,12,,13.62,13.19,6.06,2.01,2.08,-0.6683168316831684,0.034825870646766316,-0.20379555555555556,3.7874142857142696,
2230,Publicis Groupe,PUBGY,OTC,Business Services,Advertising and Marketing,NO,20.39,0.96,20481.7,12,,11.27,10.46,1.75,1.81,1.95,0.034285714285714315,0.07734806629834248,3.2870833333333302,1.3523285714285724,1.81
2261,Reckitt Benckiser Group,RBGLY,OTC,Consumer Staples,Soap and Cleaning Materials,NO,15.3,0.53,54889.45,12,,18.43,17.59,0.86,0.83,0.87,-0.03488372093023259,0.048192771084337394,-5.283266666666662,3.649924999999996,
2268,Recruit Holdings Co.,RCRRF,OTC,Business Services,Business - Information Services,NO,34.98,1.35,56308.43,3,23.64,27.54,22.42,1.28,1.27,1.56,-0.007812500000000007,0.22834645669291342,-35.25119999999997,0.9818413793103448,
2279,Remy Cointreau,REMYY,OTC,Consumer Staples,Beverages - Alcohol,NO,15.82,0.54,8034.3,3,,26.81,23.97,0.64,0.59,0.66,-0.07812500000000007,0.11864406779661028,-3.4316799999999965,2.0203285714285695,
2281,Repsol,REPYY,OTC,Oils-Energy,Oil and Gas - Integrated - International,NO,14.2,0.78,18849.03,12,2.53,3.54,4.56,4.38,4.01,3.12,-0.08447488584474888,-0.22194513715710718,-0.4190594594594594,-0.20545617977528094,0.4
2292,Roche Holding,RHHBY,OTC,Medical,Large Cap Pharmaceuticals,NO,38.87,0.39,265482.09,12,,14.36,13.22,2.7,2.71,2.94,0.0037037037037036245,0.08487084870848707,38.77200000000082,1.5576608695652174,3.84
2295,Ricoh Co.,RICOY,OTC,Computer and Technology,Office Automation and Equipment,NO,8.812,0.76,5371.11,3,13.56,15.46,13.15,0.7,0.57,0.67,-0.18571428571428572,0.17543859649122825,-0.8324615384615385,0.7495499999999992,
2313,RENAULT,RNLSY,OTC,Auto-Tires-Trucks,Automotive - Foreign,NO,8.55,1.63,12642.13,12,,3.33,3.61,1.32,2.57,2.37,0.9469696969696968,-0.07782101167315165,0.03516480000000001,-0.46388500000000055,
2315,RENISHAW PLC 20,RNSHF,OTC,Business Services,Technology Services,NO,45.4435,0.64,3307.11,6,,21.14,18.47,1.91,2.15,2.46,0.1256544502617801,0.14418604651162795,1.6823916666666667,1.2809838709677415,
2356,RollsRoyce,RYCEY,OTC,Aerospace,Aerospace - Defense Equipment,NO,1.87,1.08,15739.22,12,,24.93,17.0,0.01,0.08,0.11,7.000000000000001,0.375,0.03561428571428571,0.4533333333333333,0.5
2362,Safran,SAFRY,OTC,Aerospace,Aerospace - Defense,NO,38.4,1.36,65627.22,12,,27.53,21.04,0.96,1.39,1.83,0.44791666666666663,0.3165467625899282,0.6146232558139535,0.664672727272727,0.73
2380,Schneider Electric,SBGSY,OTC,Industrial Products,Manufacturing - Electronics,NO,36.065,1.22,102982.33,12,,21.6,20.15,1.41,1.67,1.79,0.1843971631205674,0.07185628742514977,1.1713846153846155,2.8042083333333303,5.68
2389,Societe Generale Group,SCGLY,OTC,Finance,Banks - Foreign,NO,5.41,1.43,21862.05,12,4.47,6.36,4.08,1.38,0.85,1.33,-0.38405797101449274,0.5647058823529413,-0.16560000000000002,0.07224999999999998,
2395,Swisscom,SCMWY,OTC,Utilities,Diversified Communication Services,NO,65.18,0.23,337645.06,12,20.12,16.46,16.5,3.08,3.96,3.95,0.2857142857142857,-0.0025252525252524713,0.5761000000000001,-65.34000000000141,6.95
2410,Seiko Epson,SEKEY,OTC,Computer and Technology,Office Automation and Equipment,NO,7.87,0.97,6060.25,3,9.26,11.84,12.02,0.85,0.67,0.65,-0.21176470588235288,-0.02985074626865674,-0.5591111111111112,-4.026699999999996,
2413,Stora Enso Oyj,SEOAY,OTC,Basic Materials,Paper and Related Products,NO,12.71,1.08,10023.36,12,8.47,17.41,12.34,1.79,0.73,1.03,-0.5921787709497207,0.41095890410958913,-0.29399905660377357,0.3002733333333332,
2414,Spectris,SEPJY,OTC,Computer and Technology,Electronics - Miscellaneous Products,NO,22.6,0.35,4704.07,12,,19.07,17.59,0.9,1.18,1.28,0.311111111111111,0.08474576271186449,0.612964285714286,2.075619999999998,
2420,Safestore,SFSHF,OTC,Finance,Real Estate - Operations,NO,11.806,0.83,2490.2,10,,19.04,18.16,0.54,0.62,0.65,0.14814814814814806,0.04838709677419359,1.2852000000000008,3.7530666666666637,
2421,SoftBank Group,SFTBY,OTC,Computer and Technology,Wireless Non-US ,NO,25.0,1.3,73499.77,3,,11.9,11.57,-1.71,2.1,2.16,-2.2280701754385968,0.028571428571428595,-0.053409448818897635,4.0494999999999965,
2429,Sage Group,SGPYY,OTC,Computer and Technology,Business - Software Services,NO,48.46,0.93,12418.68,9,,32.31,29.02,1.24,1.5,1.67,0.20967741935483872,0.11333333333333329,1.5409384615384616,2.5605882352941185,
2431,SGS,SGSOY,OTC,Business Services,Business - Services,NO,9.47,0.71,17744.49,12,,22.55,21.04,0.38,0.42,0.45,0.1052631578947368,0.0714285714285715,2.142250000000001,2.945599999999997,3.78
2438,ShinEtsu Chemical Co.,SHECY,OTC,Basic Materials,Chemical - Diversified ,NO,16.85,1.22,68212.95,3,12.54,14.28,13.5,1.36,1.18,1.25,-0.1323529411764707,0.05932203389830514,-1.0789333333333324,2.2757142857142836,
2453,Siemens,SIEGY,OTC,Industrial Products,Industrial Services,NO,84.46,1.13,135136.0,9,21.77,14.43,14.1,2.67,5.86,5.99,1.1947565543071164,0.022184300341296908,0.12077774294670843,6.3558461538461595,0.47
2466,AB SKF,SKFRY,OTC,Industrial Products,Metal Products - Procurement and Fabrication,NO,18.19,1.31,8282.84,12,13.89,11.51,12.25,1.28,1.58,1.49,0.23437500000000003,-0.05696202531645574,0.49109333333333327,-2.1505555555555538,0.67
2480,Soitec,SLOIF,OTC,Computer and Technology,Electronics - Semiconductors,NO,176.0,1.06,6186.5,3,,30.66,18.05,6.98,5.74,9.75,-0.17765042979942697,0.6986062717770034,-1.7258612903225805,0.25837157107231923,
2485,Smc,SMCAY,OTC,Computer and Technology,Electronics - Miscellaneous Products,NO,27.38,0.95,35780.37,3,21.56,24.78,22.08,1.18,1.11,1.24,-0.059322033898304954,0.11711711711711702,-4.17720000000001,1.8852923076923092,
2488,Smurfit Kappa,SMFKY,OTC,Basic Materials,Paper and Related Products,NO,37.73,1.06,9815.43,12,,10.28,11.4,4.38,3.67,3.31,-0.16210045662100456,-0.09809264305177108,-0.6341746478873239,-1.1621666666666672,1.63
2490,Smiths Group,SMGZY,OTC,Business Services,Technology Services,NO,21.6,0.91,7560.24,7,,17.61,16.08,0.82,1.23,1.34,0.5000000000000001,0.08943089430894317,0.3521999999999999,1.7980363636363617,1.51
2494,Sompo,SMPNY,OTC,Finance,Insurance - Multi line,NO,23.0,0.44,15994.14,3,23.0,7.42,6.99,1.69,3.1,3.29,0.8343195266272191,0.061290322580645144,0.08893475177304963,1.1404736842105268,
2496,Samsonite International,SMSEY,OTC,Retail-Wholesale,Retail - Miscellaneous,NO,15.5,0.52,4474.24,12,12.4,14.76,12.4,0.65,1.05,1.25,0.6153846153846154,0.19047619047619044,0.23984999999999998,0.6510000000000001,
2505,Sino Land Co.,SNLAY,OTC,Finance,Real Estate - Operations,NO,5.992,0.48,9793.18,6,,12.23,10.51,0.47,0.49,0.57,0.04255319148936174,0.1632653061224489,2.8740499999999973,0.6437375000000003,
2514,SUMITOMO HEAVY,SOHVY,OTC,Industrial Products,Manufacturing - General Industrial ,NO,5.65,0.26,2777.66,3,6.89,7.96,7.15,0.64,0.71,0.79,0.10937499999999992,0.11267605633802827,0.7277714285714292,0.6345624999999995,
2515,Secom Co.,SOMLY,OTC,Business Services,Business - Services,NO,16.6,0.4,15491.11,3,21.01,20.75,19.3,0.86,0.8,0.86,-0.06976744186046505,0.07499999999999993,-2.9741666666666697,2.573333333333336,
2519,SONOVA HOLDING,SONVY,OTC,Medical,Medical - Instruments,NO,54.63,1.08,16705.78,3,,22.39,19.94,2.39,2.44,2.74,0.020920502092050135,0.12295081967213126,10.702420000000037,1.6217866666666654,
2521,South32,SOUHY,OTC,Basic Materials,Mining - Miscellaneous,NO,13.3,0.96,12090.8,6,,10.64,9.85,1.2,1.25,1.35,0.041666666666666706,0.08000000000000007,2.5535999999999976,1.2312499999999988,
2530,Spirent Communications,SPMYY,OTC,Computer and Technology,Communication - Components,NO,8.4,0.68,1251.93,12,,52.5,42.0,0.72,0.16,0.2,-0.7777777777777777,0.25000000000000006,-0.675,1.6799999999999995,
2534,Sappi,SPPJY,OTC,Basic Materials,Paper and Related Products,NO,2.27,1.18,1289.59,9,1.53,5.97,8.41,1.18,0.38,0.27,-0.6779661016949152,-0.28947368421052627,-0.08805750000000001,-0.2905272727272728,
2540,Spirax-Sarco Engineering,SPXSF,OTC,Construction,Engineering - R and D Services,NO,131.5,0.82,9680.0,12,,26.3,24.58,4.45,5.0,5.35,0.12359550561797748,0.06999999999999992,2.1279090909090916,3.511428571428575,
2544,Square Enix,SQNXF,OTC,Consumer Staples,Publishing - Books,NO,44.9,0.47,5369.89,3,15.75,16.6,17.3,2.32,2.7,2.6,0.16379310344827602,-0.03703703703703707,1.0134736842105254,-4.670999999999996,
2556,SSE,SSEZY,OTC,Computer and Technology,Electronics - Power Generation,NO,23.22,0.75,25318.02,3,,12.22,10.68,1.97,1.9,2.17,-0.0355329949238579,0.14210526315789476,-3.43905714285714,0.7515555555555554,
2563,Sumitomo,SSUMY,OTC,Conglomerates,Diversified Operations,NO,21.125,0.79,25990.16,3,6.5,7.8,8.17,3.31,2.71,2.59,-0.1812688821752266,-0.04428044280442808,-0.4303,-1.8450583333333317,0.17
2592,Subsea 7,SUBCY,OTC,Oils-Energy,Oil and Gas - Field Services,NO,13.3475,1.83,4042.4,12,58.03,166.84,38.14,0.06,0.08,0.35,0.3333333333333334,3.3749999999999996,5.0051999999999985,0.11300740740740743,
2596,SUMCO,SUOPY,OTC,Computer and Technology,Semiconductor - General,NO,30.41,1.32,5324.41,12,9.91,8.35,10.34,2.82,3.64,2.94,0.2907801418439718,-0.19230769230769235,0.2871585365853657,-0.5376799999999999,
2601,Seven and I Holdings Co.,SVNDY,OTC,Retail-Wholesale,Retail - Miscellaneous,NO,21.28,0.18,37726.97,2,15.31,20.66,15.88,1.28,1.03,1.34,-0.1953125,0.3009708737864078,-1.057792,0.5276258064516128,
2602,Svenska Handelsbanken Ab Publ,SVNLY,OTC,Finance,Banks - Foreign,NO,4.49,0.79,17780.66,12,8.47,7.61,8.16,0.5,0.59,0.55,0.17999999999999994,-0.0677966101694914,0.422777777777778,-1.2036000000000022,1.7
2605,Swatch Group,SWGAY,OTC,Consumer Staples,Consumer Products - Staples,NO,16.03,0.83,46761.28,12,,14.44,13.14,0.91,1.11,1.22,0.21978021978021983,0.09909909909909898,0.6570199999999998,1.3259454545454563,
2610,Swire Pacific,SWRAY,OTC,Transportation,Transportation - Airline,NO,7.95,0.62,30265.38,12,,9.03,8.74,0.45,0.88,0.91,0.9555555555555555,0.03409090909090912,0.0945,2.563733333333331,0.59
2617,Symrise,SYIEY,OTC,Consumer Staples,Cosmetics,NO,26.88,0.82,15028.29,12,,28.7,24.07,0.88,0.94,1.12,0.06818181818181812,0.19148936170212785,4.209333333333337,1.2569888888888876,0.96
2638,Tencent,TCEHY,OTC,Computer and Technology,Internet - Services,NO,44.47,0.32,425766.09,12,24.3,20.88,17.44,1.61,2.13,2.55,0.32298136645962716,0.19718309859154928,0.6464769230769234,0.8844571428571429,
2654,Telenor,TELNY,OTC,Utilities,Diversified Communication Services,NO,10.38,0.49,14526.37,12,18.54,6.11,14.83,0.58,1.7,0.7,1.931034482758621,-0.5882352941176471,0.03164107142857143,-0.25211,
2686,Tokio Marine,TKOMY,OTC,Finance,Insurance - Property and Casualty,NO,22.35,-0.79,136782.0,3,,9.72,9.09,1.55,2.3,2.46,0.48387096774193533,0.06956521739130442,0.2008800000000001,1.3066874999999987,
2690,TeliaSonera,TLSNY,OTC,Computer and Technology,Wireless Non-US ,NO,4.62,0.29,9083.17,12,,20.09,15.4,0.27,0.23,0.3,-0.14814814814814817,0.30434782608695643,-1.356075,0.5060000000000002,0.41
2697,Trend Micro,TMICY,OTC,Computer and Technology,Computer - Software,NO,47.9,0.52,6745.6,12,44.35,35.35,32.37,1.71,1.36,1.48,-0.20467836257309935,0.08823529411764697,-1.7271000000000007,3.668600000000004,
2698,TEMENOS GROUP,TMNSF,OTC,Computer and Technology,Internet - Software,NO,81.63,1.18,6057.46,12,,27.03,24.51,2.76,3.02,3.33,0.09420289855072472,0.10264900662251657,2.8693384615384594,2.387748387096774,
2707,Tokyo Electron,TOELY,OTC,Computer and Technology,Semiconductor - Discretes,NO,73.31,1.46,69150.79,3,18.67,34.58,22.77,3.3,2.12,3.22,-0.3575757575757575,0.5188679245283019,-0.9670677966101696,0.43884,
2711,Toshiba,TOSYY,OTC,Consumer Discretionary,Audio Video Production,NO,16.29,0.67,14120.08,3,11.64,33.24,14.68,1.03,0.49,1.11,-0.5242718446601942,1.2653061224489799,-0.6340222222222223,0.11601935483870965,
2739,Tesco,TSCDY,OTC,Retail-Wholesale,Retail - Supermarkets,NO,9.72,0.84,23309.9,2,,12.0,10.86,0.77,0.81,0.89,0.05194805194805199,0.09876543209876537,2.309999999999998,1.0995750000000006,2.56
2750,TDK,TTDKY,OTC,Computer and Technology,Electronics - Miscellaneous Components,NO,38.74,0.99,15061.03,3,17.77,13.04,10.96,2.88,2.97,3.54,0.031250000000000104,0.19191919191919185,4.172799999999986,0.5710736842105265,0.73
2755,Techtronic Industries Co.,TTNDY,OTC,Industrial Products,Manufacturing - Tools & Related Products,NO,55.51,1.47,20370.15,12,,18.05,15.64,3.15,3.08,3.55,-0.02222222222222217,0.1525974025974025,-8.12250000000002,1.0249191489361709,1.56
2765,Taylor Wimpey,TWODY,OTC,Construction,Building Products - Home Builders,NO,13.64,1.92,4817.89,12,,13.64,14.21,2.33,1.0,0.96,-0.5708154506437768,-0.040000000000000036,-0.23895639097744364,-3.552499999999997,
2780,UbiSoft Entertainment,UBSFY,OTC,Consumer Discretionary,Gaming,NO,5.8,0.28,3640.09,3,,18.47,17.06,-0.54,0.31,0.34,-1.5740740740740742,0.09677419354838718,-0.11733882352941175,1.7628666666666652,15.52
2801,UniCredit,UNCFF,OTC,Finance,Banks - Foreign,NO,24.5,1.31,54169.5,12,,6.5,6.79,2.59,3.77,3.61,0.4555984555984557,-0.04244031830238731,0.1426694915254237,-1.5998937499999986,
2802,UniCredit,UNCRY,OTC,Finance,Banks - Foreign,NO,12.38,1.33,48053.66,12,,5.73,5.29,1.26,2.16,2.34,0.7142857142857144,0.08333333333333319,0.08021999999999999,0.634800000000001,0.24
2806,Unicharm,UNICY,OTC,Consumer Discretionary,Consumer Products - Discretionary,NO,7.7,0.23,23902.12,12,40.53,40.53,36.67,0.19,0.19,0.21,0.0,0.1052631578947368,inf,3.4836500000000017,
2811,United Overseas Bank,UOVEY,OTC,Finance,Banks - Foreign,NO,42.08,0.82,35259.05,12,,8.65,8.21,4.14,4.86,5.13,0.17391304347826103,0.05555555555555546,0.4973749999999995,1.4778000000000027,1.0
2827,UNITE Group,UTGPF,OTC,Finance,Real Estate - Operations,NO,11.3071,0.92,4524.35,12,,21.33,20.19,0.46,0.53,0.56,0.15217391304347827,0.05660377358490571,1.401685714285714,3.5668999999999973,
2830,United Utilities Group,UUGRY,OTC,Utilities,Utility - Electric Power,NO,25.37,0.73,8649.75,3,,34.75,17.26,-0.03,0.73,1.47,-25.333333333333336,1.0136986301369864,-0.013717105263157893,0.17026756756756758,
2840,Vinci,VCISY,OTC,Construction,Building Products - Heavy Construction,NO,29.65,0.97,70736.79,12,,13.15,11.96,1.96,2.26,2.48,0.15306122448979584,0.09734513274336293,0.8591333333333337,1.2286181818181807,1.62
2862,Vivendi,VIVHY,OTC,Utilities,Diversified Communication Services,NO,9.36,0.57,9750.98,12,,12.82,8.67,0.44,0.73,1.08,0.6590909090909091,0.4794520547945207,0.19451034482758622,0.1808314285714285,
2864,Valeo,VLEEY,OTC,Auto-Tires-Trucks,Automotive - Original Equipment,NO,11.87,1.8,5780.74,12,,14.05,8.92,0.49,0.85,1.33,0.7346938775510204,0.5647058823529413,0.1912361111111111,0.15795833333333328,0.31
2869,Volvo,VLVLY,OTC,Auto-Tires-Trucks,Automotive - Original Equipment,NO,21.53,1.35,43780.22,12,11.77,9.83,11.51,1.64,2.19,1.87,0.3353658536585366,-0.14611872146118715,0.29311272727272725,-0.7877156250000004,0.62
2879,Vonovia,VONOY,OTC,Finance,Real Estate - Operations,NO,10.67,0.91,17384.53,12,,8.4,8.57,1.32,1.27,1.25,-0.03787878787878791,-0.015748031496063006,-2.2175999999999982,-5.441949999999995,3.87
2903,Victrex,VTXPF,OTC,Basic Materials,Chemical - Plastic,NO,18.145,1.03,1578.53,9,,16.45,14.59,1.07,1.1,1.24,0.028037383177570117,0.12727272727272718,5.8671666666666615,1.1463571428571437,
2982,Wolters Kluwer,WTKWY,OTC,Consumer Staples,Publishing - Books,NO,127.195,0.64,32754.77,12,,25.85,23.69,4.33,4.92,5.37,0.1362586605080831,0.09146341463414638,1.8971271186440684,2.590106666666666,2.7
2991,Want Want China,WWNTY,OTC,Consumer Staples,Food - Miscellaneous,NO,33.315,0.4,7915.25,3,,14.18,13.38,2.26,2.35,2.49,0.03982300884955766,0.059574468085106434,3.5607555555555432,2.2459285714285695,
2994,Worley Limited,WYGPY,OTC,Business Services,Business - Services,NO,11.82,1.91,6206.57,6,,20.38,15.76,0.45,0.58,0.75,0.28888888888888875,0.29310344827586216,0.7054615384615388,0.5376941176470587,
3022,Z Holdings,YAHOY,OTC,Retail-Wholesale,Internet - Commerce,NO,5.53,1.02,21106.8,3,16.26,26.33,23.04,0.39,0.21,0.24,-0.46153846153846156,0.14285714285714285,-0.5704833333333333,1.6128,
3023,Yara International ASA,YARIY,OTC,Basic Materials,Fertilizers,NO,18.97,0.96,9664.29,12,4.64,8.64,10.04,4.98,2.19,1.89,-0.5602409638554218,-0.13698630136986303,-0.15421935483870966,-0.7329199999999999,
3031,Yue Yuen Industrial,YUEIY,OTC,Consumer Discretionary,Shoes and Retail Apparel ,NO,6.84,0.74,2205.47,12,,7.2,5.7,1.05,0.95,1.2,-0.09523809523809532,0.2631578947368421,-0.7559999999999995,0.21660000000000001,
3049,Zalando,ZLNDY,OTC,Retail-Wholesale,Internet - Commerce,NO,15.74,1.72,8295.98,12,787.0,38.86,22.65,0.14,0.41,0.69,1.9285714285714282,0.6829268292682926,0.20149629629629634,0.3316607142857143,
3056,Zurich Insurance Group,ZURVY,OTC,Finance,Insurance - Multi line,NO,47.52,0.61,71498.67,12,,12.74,11.9,3.12,3.73,3.99,0.19551282051282046,0.06970509383378022,0.6516196721311478,1.7071923076923061,
