Company Name,Ticker,Exchange,Sector,Industry,Market Cap (mil),Month of Fiscal Yr End,P/E (Trailing 12 Months),P/E (F1),P/E (F2),F0 Consensus Est.,F1 Consensus Est.,F2 Consensus Est.,EPS Growth F1,EPS Growth F2,F1 PEG,F2 PEG,PEG Ratio
"Agilent Technologies, Inc.",A,NYSE,Computer and Technology,Electronics - Testing Equipment,49179.05,10,42.76,39.23,35.16,3.22,4.13,4.61,0.2826086956521738,0.116222760290557,1.3881384615384622,3.0252249999999967,3.02
Apple Inc.,AAPL,NSDQ,Computer and Technology,Computer - Mini computers,2498038.5,9,29.57,27.04,26.53,3.24,5.59,5.7,0.7253086419753085,0.019677996422182525,0.3728068085106383,13.482063636363598,2.13
"Axcelis Technologies, Inc.",ACLS,NSDQ,Computer and Technology,Electronics - Manufacturing Machinery,1450.09,12,25.86,17.58,14.21,1.36,2.46,3.04,0.8088235294117645,0.23577235772357727,0.2173527272727273,0.6026999999999999,
Adobe Inc.,ADBE,NSDQ,Computer and Technology,Computer - Software,303438.22,11,55.15,52.19,45.49,9.94,12.2,14.0,0.22736418511066397,0.14754098360655746,2.2954362831858406,3.0832111111111096,2.78
"Analog Devices, Inc.",ADI,NSDQ,Computer and Technology,Semiconductor - Analog and Mixed,63095.22,10,29.6,27.23,24.72,4.78,6.28,6.92,0.3138075313807531,0.10191082802547766,0.8677293333333334,2.4256500000000014,2.22
"Autodesk, Inc.",ADSK,NSDQ,Computer and Technology,Computer - Software,72643.99,1,78.06,68.43,46.34,3.94,4.82,7.13,0.22335025380710669,0.47925311203319493,3.0637977272727266,0.9669212121212123,1.96
"ADTRAN, Inc.",ADTN,NSDQ,Computer and Technology,Communication - Infrastructure,1155.77,12,42.5,41.51,28.0,0.21,0.57,0.85,1.7142857142857142,0.4912280701754387,0.24214166666666667,0.5699999999999998,
"Advanced Energy Industries, Inc.",AEIS,NSDQ,Computer and Technology,Semiconductor Equipment - Wafer Fabrication,3285.5,12,15.05,18.74,14.44,5.1,4.57,5.93,-0.10392156862745086,0.29759299781181603,-1.8032830188679265,0.48522647058823554,
"Agilysys, Inc.",AGYS,NSDQ,Computer and Technology,Computer - Integrated Systems,1320.81,3,57.17,80.21,70.71,0.76,0.67,0.76,-0.1184210526315789,0.13432835820895517,-6.773288888888891,5.2639666666666685,
"Akamai Technologies, Inc.",AKAM,NSDQ,Computer and Technology,Internet - Services,18767.77,12,21.19,20.5,18.62,5.2,5.62,6.19,0.08076923076923075,0.10142348754448403,2.538095238095239,1.835866666666666,1.71
"Allegro MicroSystems, Inc.",ALGM,NSDQ,Computer and Technology,Electronics - Semiconductors,5524.4,3,13.0,39.63,32.73,0.41,0.74,0.89,0.8048780487804879,0.20270270270270274,0.49237272727272724,1.6146799999999997,
"Applied Materials, Inc.",AMAT,NSDQ,Computer and Technology,Semiconductor Equipment - Wafer Fabrication,120362.13,10,24.71,20.11,17.95,4.08,6.55,7.34,0.6053921568627451,0.12061068702290077,0.33218137651821866,1.488259493670886,1.12
"Ambarella, Inc.",AMBA,NSDQ,Computer and Technology,Electronics - Semiconductors,3524.82,1,186.85,101.92,78.26,0.27,0.95,1.24,2.518518518518518,0.3052631578947369,0.40468235294117655,2.5636896551724133,6.79
"Advanced Micro Devices, Inc.",AMD,NSDQ,Computer and Technology,Electronics - Semiconductors,130369.51,12,51.67,42.95,35.04,1.23,2.5,3.07,1.032520325203252,0.22799999999999992,0.41597244094488195,1.5368421052631582,0.96
"AMETEK, Inc.",AME,NYSE,Computer and Technology,Electronics - Testing Equipment,31816.21,12,31.93,29.47,26.31,3.91,4.67,5.23,0.19437340153452679,0.11991434689507506,1.5161539473684216,2.1940660714285696,2.8
"America Movil, S.A.B. de C.V.",AMX,NYSE,Computer and Technology,Wireless Non-US ,57557.1,12,11.77,13.41,13.66,0.6,1.29,1.27,1.1500000000000001,-0.015503875968992262,0.1166086956521739,-8.810699999999992,0.55
"Arista Networks, Inc.",ANET,NYSE,Computer and Technology,Communication - Components,28040.7,12,36.08,34.1,30.72,8.95,10.72,11.9,0.1977653631284918,0.11007462686567161,1.7242655367231623,2.7908338983050855,2.65
"ANSYS, Inc.",ANSS,NSDQ,Computer and Technology,Computer - Software,31690.12,12,49.82,51.56,45.97,6.24,7.04,7.9,0.12820512820512817,0.12215909090909095,4.021680000000002,3.7631255813953475,4.18
Amphenol Corporation,APH,NYSE,Computer and Technology,Electronics - Connectors,44564.8,12,22.24,31.16,27.92,1.82,2.39,2.67,0.3131868131868132,0.11715481171548109,0.9949333333333333,2.3831714285714303,2.48
"AppFolio, Inc.",APPF,NSDQ,Computer and Technology,Internet - Software,4578.82,12,33.75,979.93,240.53,4.57,0.14,0.55,-0.9693654266958425,2.9285714285714284,-10.108984424379232,0.8213219512195122,
"Digital Turbine, Inc.",APPS,NSDQ,Computer and Technology,Internet - Software,5074.85,3,55.59,33.85,22.33,0.71,1.56,2.37,1.1971830985915495,0.5192307692307693,0.2827470588235294,0.4300592592592592,0.68
"Arrow Electronics, Inc.",ARW,NYSE,Computer and Technology,Electronics - Parts Distribution,8451.7,12,10.3,8.71,8.25,7.26,13.51,14.26,0.8608815426997245,0.055514433752775726,0.10117536000000002,1.4861,0.34
ASGN Incorporated,ASGN,NYSE,Computer and Technology,Computers - IT Services,5662.42,12,21.2,21.11,18.77,4.68,5.07,5.7,0.08333333333333345,0.12426035502958577,2.5331999999999963,1.5105380952380956,1.84
ASML Holding N.V.,ASML,NSDQ,Computer and Technology,Semiconductor Equipment - Wafer Fabrication,330538.19,12,57.43,49.08,39.54,9.33,16.04,19.91,0.7191854233654875,0.24127182044887788,0.6824387481371089,1.6388155038759684,1.47
"ASE Technology Holding Co., Ltd.",ASX,NYSE,Computer and Technology,Electronics - Semiconductors,19198.0,12,15.53,12.47,10.17,0.38,0.71,0.87,0.8684210526315789,0.2253521126760564,0.1435939393939394,0.4512937499999999,0.54
"A10 Networks, Inc.",ATEN,NYSE,Computer and Technology,Communication - Network Software,1044.6,12,24.29,24.73,19.43,0.42,0.55,0.7,0.3095238095238097,0.27272727272727254,0.7989692307692303,0.7124333333333338,
Autohome Inc.,ATHM,NYSE,Computer and Technology,Internet - Services,4777.26,12,8.25,9.04,8.34,4.52,4.19,4.54,-0.07300884955752195,0.08353221957040563,-1.2382060606060634,0.9984171428571439,0.55
"Altice USA, Inc.",ATUS,NYSE,Computer and Technology,Communication - Components,12753.88,12,13.68,13.26,12.01,0.52,2.1,2.32,3.0384615384615383,0.10476190476190464,0.043640506329113926,1.1464090909090923,
AudioCodes Ltd.,AUDC,NSDQ,Computer and Technology,Communication - Components,1064.76,12,20.86,21.34,19.96,1.34,1.52,1.63,0.13432835820895517,0.0723684210526315,1.5886444444444452,2.758109090909094,1.82
Broadcom Inc.,AVGO,NSDQ,Computer and Technology,Electronics - Semiconductors,200264.61,10,19.54,17.7,16.09,22.06,27.58,30.33,0.25022665457842247,0.09970993473531545,0.7073586956521739,1.6136807272727272,1.18
"Avid Technology, Inc.",AVID,NSDQ,Computer and Technology,Computer - Software,1263.24,12,24.51,23.67,19.33,0.64,1.17,1.43,0.8281249999999999,0.22222222222222224,0.2858264150943397,0.8698499999999998,
"Avnet, Inc.",AVT,NSDQ,Computer and Technology,Electronics - Parts Distribution,4037.86,6,15.03,9.22,8.35,2.62,4.4,4.86,0.6793893129770993,0.10454545454545452,0.13571011235955055,0.7986956521739131,0.36
Avaya Holdings Corp.,AVYA,NYSE,Computer and Technology,Communication - Network Software,1708.67,9,5.65,6.51,6.3,3.9,3.12,3.22,-0.19999999999999996,0.032051282051282076,-0.32550000000000007,1.9655999999999985,
"Aspen Technology, Inc.",AZPN,NSDQ,Computer and Technology,Computer - Software,8589.61,6,37.59,26.12,25.57,5.13,4.84,4.94,-0.05653021442495128,0.0206611570247935,-4.620537931034482,12.375879999999933,3.56
Bandwidth Inc.,BAND,NSDQ,Computer and Technology,Communication - Infrastructure,2711.43,12,109.07,147.58,158.02,0.45,0.73,0.68,0.6222222222222221,-0.06849315068493142,2.371821428571429,-23.070920000000033,14.76
"Baidu, Inc.",BIDU,NSDQ,Computer and Technology,Internet - Services,49192.99,12,14.15,17.29,14.47,9.75,8.48,10.13,-0.13025641025641022,0.19457547169811323,-1.32738188976378,0.7436703030303029,2.33
"BlackLine, Inc.",BL,NSDQ,Computer and Technology,Internet - Software,6537.71,12,155.46,242.67,166.44,0.61,0.46,0.67,-0.24590163934426224,0.4565217391304348,-9.868580000000003,3.645828571428571,13.74
"Blackbaud, Inc.",BLKB,NSDQ,Computer and Technology,Computer - Software,3296.68,12,21.9,24.2,22.45,2.81,2.79,3.0,-0.007117437722419935,0.07526881720430106,-34.00099999999996,2.9826428571428574,
Bumble Inc.,BMBL,NSDQ,Computer and Technology,Internet - Software,5925.26,12,,30.47,210.47,-0.49,1.62,0.23,-4.306122448979592,-0.8580246913580247,-0.07075971563981041,-2.452959712230216,
"Badger Meter, Inc.",BMI,NYSE,Computer and Technology,Instruments - Control,3094.16,12,55.52,55.91,52.07,1.69,1.9,2.04,0.12426035502958578,0.07368421052631585,4.49942380952381,7.066642857142852,
"Box, Inc.",BOX,NYSE,Computer and Technology,Internet - Software,4121.82,1,32.46,33.49,25.22,0.65,0.76,1.0,0.1692307692307692,0.3157894736842105,1.9789545454545459,0.7986333333333333,
Bruker Corporation,BRKR,NSDQ,Computer and Technology,Instruments - Scientific,12650.95,12,44.56,43.56,38.05,1.34,1.92,2.2,0.43283582089552225,0.14583333333333348,1.0063862068965521,2.6091428571428543,2.62
"Brooks Automation, Inc.",BRKS,NSDQ,Computer and Technology,Electronics - Manufacturing Machinery,6107.19,9,32.36,32.27,27.91,1.14,2.55,2.94,1.236842105263158,0.1529411764705883,0.26090638297872343,1.8248846153846148,
"Bentley Systems, Incorporated",BSY,NSDQ,Computer and Technology,Internet - Software,17014.31,12,81.82,90.86,88.73,0.63,0.69,0.71,0.09523809523809515,0.02898550724637684,9.540300000000009,30.611849999999972,10.04
"BWX Technologies, Inc.",BWXT,NYSE,Computer and Technology,Electronics - Miscellaneous Components,5271.83,12,19.23,18.07,16.58,3.0,3.07,3.34,0.02333333333333328,0.08794788273615636,7.744285714285733,1.8852074074074072,3.03
Baozun Inc.,BZUN,NSDQ,Computer and Technology,Computers - IT Services,1626.51,12,22.44,20.66,12.13,1.14,1.01,1.72,-0.11403508771929816,0.7029702970297029,-1.8117230769230785,0.1725535211267606,0.5
"CACI International, Inc.",CACI,NYSE,Computer and Technology,Computer - Services,6010.62,6,13.16,14.84,14.41,18.34,17.2,17.7,-0.06215921483097059,0.029069767441860465,-2.3874175438596477,4.95704,1.13
"Canon, Inc.",CAJ,NYSE,Computer and Technology,Office Automation and Equipment,25404.26,12,15.21,13.97,13.78,0.74,1.71,1.73,1.3108108108108107,0.01169590643274855,0.10657525773195878,11.78189999999999,13.97
"Calix, Inc",CALX,NYSE,Computer and Technology,Internet - Software,2800.18,12,27.22,34.89,39.59,0.87,1.26,1.11,0.4482758620689655,-0.11904761904761897,0.7783153846153845,-3.325560000000002,1.74
Camtek Ltd.,CAMT,NSDQ,Computer and Technology,Electronics - Measuring Instruments,1550.0,12,32.54,23.45,21.83,0.63,1.53,1.64,1.4285714285714286,0.07189542483660122,0.16415,3.036354545454549,
Carrier Global Corporation,CARR,NYSE,Computer and Technology,Electronics - Miscellaneous Products,49111.89,12,26.95,25.77,23.35,1.71,2.2,2.42,0.28654970760233933,0.09999999999999988,0.8993204081632649,2.335000000000003,1.78
"CMC Materials, Inc.",CCMP,NSDQ,Computer and Technology,Electronics - Miscellaneous Products,3735.79,9,17.16,17.06,16.82,7.21,7.49,7.6,0.03883495145631071,0.014686248331108067,4.392949999999996,11.45289090909097,
"Cogent Communications Holdings, Inc.",CCOI,NSDQ,Computer and Technology,Wireless National,3478.16,12,93.55,80.57,61.54,0.45,0.91,1.19,1.0222222222222221,0.3076923076923076,0.7881847826086956,2.0000500000000008,
Ceridian HCM Holding Inc.,CDAY,NYSE,Computer and Technology,Internet - Software,15948.28,12,295.61,514.93,254.9,0.47,0.21,0.42,-0.5531914893617021,1.0,-9.308349999999999,2.549,
"CDK Global, Inc.",CDK,NSDQ,Computer and Technology,Computers - IT Services,5590.63,6,16.57,15.19,13.27,2.58,3.02,3.46,0.1705426356589147,0.1456953642384106,0.8906863636363637,0.9108045454545455,
"Cadence Design Systems, Inc.",CDNS,NSDQ,Computer and Technology,Computer - Software,42034.58,12,47.17,47.91,43.94,2.7,3.17,3.46,0.17407407407407396,0.09148264984227131,2.752276595744682,4.803096551724137,4.1
CDW Corporation,CDW,NSDQ,Computer and Technology,Computers - IT Services,27364.35,12,26.86,25.95,23.97,6.3,7.67,8.3,0.2174603174603175,0.08213820078226867,1.1933211678832114,2.9182523809523775,1.98
"CEVA, Inc.",CEVA,NSDQ,Computer and Technology,Electronics - Semiconductors,1015.99,12,75.05,74.73,50.03,0.5,0.59,0.88,0.17999999999999994,0.49152542372881364,4.151666666666668,1.0178517241379308,3.74
Cognyte Software Ltd.,CGNT,NSDQ,Computer and Technology,Internet - Software,1835.94,1,,34.21,28.98,0.95,0.81,0.96,-0.14736842105263148,0.18518518518518506,-2.321392857142859,1.5649200000000012,
Cognex Corporation,CGNX,NSDQ,Computer and Technology,Electronics - Testing Equipment,14624.29,12,48.68,51.89,43.71,0.89,1.6,1.89,0.7977528089887641,0.18124999999999988,0.6504521126760563,2.411586206896553,
"Chegg, Inc.",CHGG,NYSE,Computer and Technology,Internet - Software,11551.07,12,55.83,53.58,44.19,1.28,1.49,1.81,0.16406249999999997,0.214765100671141,3.265828571428572,2.0575968749999993,2.15
Check Point Software Technologies Ltd.,CHKP,NSDQ,Computer and Technology,Security,16903.98,12,17.71,18.11,17.19,6.73,6.8,7.17,0.010401188707280741,0.05441176470588237,17.41147142857158,3.159243243243243,2.47
Ciena Corporation,CIEN,NYSE,Computer and Technology,Fiber Optics,8665.41,10,20.0,19.52,17.9,2.98,2.87,3.13,-0.03691275167785231,0.09059233449477344,-5.28814545454546,1.975884615384617,1.22
"Celestica, Inc.",CLS,NYSE,Computer and Technology,Electronics - Manufacturing Services,1116.0,12,7.9,7.49,6.84,0.97,1.16,1.27,0.19587628865979376,0.09482758620689664,0.38238421052631594,0.7213090909090902,0.74
Clarivate PLC,CLVT,NYSE,Computer and Technology,Internet - Software,14349.35,12,33.39,32.3,29.63,0.57,0.69,0.75,0.2105263157894737,0.08695652173913052,1.5342499999999997,3.4074499999999968,
Cambium Networks Corporation,CMBM,NSDQ,Computer and Technology,Wireless National,1000.72,12,24.67,24.75,21.19,0.79,1.52,1.78,0.9240506329113923,0.17105263157894737,0.2678424657534247,1.2388000000000001,1.24
"Coherent, Inc.",COHR,NSDQ,Computer and Technology,Semiconductor Equipment - Wafer Components,5887.96,9,45.02,38.83,29.52,2.83,6.18,8.13,1.183745583038869,0.31553398058252446,0.32802656716417916,0.9355569230769224,
"Cohu, Inc.",COHU,NSDQ,Computer and Technology,Electronics - Manufacturing Machinery,1500.68,12,11.11,10.17,9.86,1.07,3.04,3.13,1.8411214953271027,0.02960526315789469,0.055238071065989845,3.330488888888894,
"CommScope Holding Company, Inc.",COMM,NSDQ,Computer and Technology,Communication - Infrastructure,3003.81,12,7.78,8.94,6.71,1.41,1.65,2.19,0.1702127659574468,0.3272727272727273,0.5252249999999999,0.20502777777777773,0.33
"salesforce.com, inc.",CRM,NYSE,Computer and Technology,Computer - Software,230759.2,1,45.89,65.58,58.51,4.63,3.8,4.26,-0.17926565874730024,0.12105263157894737,-3.658257831325301,4.833434782608696,3.56
Cerence Inc.,CRNC,NSDQ,Computer and Technology,Computers - IT Services,4312.22,9,45.2,46.08,41.0,1.36,2.46,2.77,0.8088235294117645,0.12601626016260165,0.5697163636363638,3.2535483870967736,
Criteo S.A.,CRTO,NSDQ,Computer and Technology,Internet - Software and Services,2219.99,12,13.58,15.21,14.93,1.94,2.39,2.44,0.23195876288659803,0.020920502092050135,0.6557199999999997,7.136540000000024,
"Cirrus Logic, Inc.",CRUS,NSDQ,Computer and Technology,Electronics - Semiconductors,4630.28,3,17.51,16.14,14.98,4.61,4.98,5.37,0.08026030368763559,0.07831325301204813,2.0109567567567566,1.9128307692307709,1.8
CrowdStrike Holdings Inc.,CRWD,NSDQ,Computer and Technology,Internet - Software,53000.01,1,690.32,580.33,318.61,0.23,0.4,0.74,0.7391304347826088,0.8499999999999999,7.8515235294117645,3.7483529411764716,23.21
"Cisco Systems, Inc.",CSCO,NSDQ,Computer and Technology,Computer - Networking,237175.42,7,17.7,16.61,15.7,3.2,3.39,3.59,0.05937499999999998,0.05899705014749254,2.797473684210527,2.6611500000000037,2.66
"CoStar Group, Inc.",CSGP,NSDQ,Computer and Technology,Computers - IT Services,32840.52,12,10.24,78.82,58.35,0.95,1.05,1.42,0.10526315789473695,0.35238095238095224,7.487899999999991,1.655878378378379,3.94
"CSG Systems International, Inc.",CSGS,NSDQ,Computer and Technology,Computer - Services,1550.69,12,14.35,14.62,14.27,3.02,3.24,3.32,0.07284768211920536,0.024691358024691242,2.0069272727272707,5.7793500000000275,
"Cornerstone OnDemand, Inc.",CSOD,NSDQ,Computer and Technology,Computer - Software,3781.62,12,21.96,24.21,23.8,1.42,2.34,2.38,0.647887323943662,0.01709401709401711,0.3736760869565217,13.922999999999988,
CTS Corporation,CTS,NYSE,Computer and Technology,Electronics - Miscellaneous Components,1201.08,12,21.17,20.58,18.52,1.04,1.8,2.0,0.7307692307692307,0.11111111111111108,0.28162105263157894,1.6668000000000005,
Cognizant Technology Solutions Corporation,CTSH,NSDQ,Computer and Technology,Business - Software Services,40565.59,12,21.44,19.08,17.33,3.64,4.04,4.45,0.10989010989010986,0.10148514851485152,1.7362800000000005,1.7076390243902433,1.73
"Citrix Systems, Inc.",CTXS,NSDQ,Computer and Technology,Computer - Software,12692.79,12,18.58,21.09,17.91,5.96,4.84,5.7,-0.18791946308724833,0.17768595041322321,-1.1222892857142857,1.0079581395348833,1.64
"Covetrus, Inc.",CVET,NSDQ,Computer and Technology,Internet - Software,3276.65,12,61.05,25.15,21.45,0.85,0.95,1.11,0.11764705882352938,0.1684210526315791,2.1377500000000005,1.2735937499999987,
"CommVault Systems, Inc.",CVLT,NSDQ,Computer and Technology,Computer - Software,3476.1,3,33.98,28.46,24.24,2.02,2.66,3.13,0.3168316831683169,0.17669172932330818,0.8982687499999998,1.3718808510638305,2.85
CyberArk Software Ltd.,CYBR,NSDQ,Computer and Technology,Security,6111.88,12,127.12,352.16,247.01,1.82,0.44,0.63,-0.7582417582417583,0.4318181818181818,-4.644428985507246,5.720231578947368,28.99
Endava PLC Sponsored ADR,DAVA,NYSE,Computer and Technology,Computers - IT Services,7391.99,6,94.18,67.5,56.43,1.75,2.07,2.47,0.18285714285714277,0.1932367149758456,3.6914062500000018,2.920252499999997,2.7
"Dropbox, Inc.",DBX,NSDQ,Computer and Technology,Internet - Services,12475.96,12,24.27,21.78,20.17,0.88,1.44,1.55,0.6363636363636362,0.07638888888888896,0.3422571428571429,2.6404363636363612,0.53
"Duck Creek Technologies, Inc.",DCT,NSDQ,Computer and Technology,Internet - Software,5711.05,8,542.0,570.53,774.29,-0.02,0.08,0.06,-5.0,-0.25000000000000006,-1.14106,-30.971599999999988,
3D Systems Corporation,DDD,NYSE,Computer and Technology,Computer - Mini computers,3601.77,12,82.17,71.54,81.24,-0.09,0.4,0.35,-5.444444444444445,-0.1250000000000001,-0.13140000000000002,-6.499199999999994,
"Datadog, Inc.",DDOG,NSDQ,Computer and Technology,Internet - Software,41393.32,12,513.54,486.79,397.72,0.17,0.27,0.34,0.5882352941176471,0.25925925925925924,8.27543,15.340628571428574,
Dell Technologies Inc.,DELL,NYSE,Computer and Technology,Computers - IT Services,76101.73,1,11.35,11.88,11.41,7.48,8.39,8.73,0.1216577540106952,0.0405244338498212,0.97650989010989,2.815585294117648,0.99
Donnelley Financial Solutions Inc.,DFIN,NYSE,Computer and Technology,Internet - Software and Services,1078.44,12,9.12,7.88,7.24,1.94,4.07,4.43,1.097938144329897,0.08845208845208831,0.07177089201877933,0.8185222222222236,
Diodes Incorporated,DIOD,NSDQ,Computer and Technology,Electronics - Semiconductors,4087.18,12,26.05,19.12,16.47,2.31,4.76,5.52,1.0606060606060606,0.15966386554621845,0.18027428571428572,1.0315421052631581,
Amdocs Limited,DOX,NSDQ,Computer and Technology,Computers - IT Services,10319.68,9,16.16,16.32,15.1,4.4,4.82,5.21,0.09545454545454543,0.08091286307053935,1.7097142857142862,1.86620512820513,1.63
The Descartes Systems Group Inc.,DSGX,NSDQ,Computer and Technology,Computer - Software,6212.86,1,107.97,63.84,57.06,0.56,1.15,1.29,1.0535714285714282,0.12173913043478272,0.6059389830508477,4.687071428571424,
"Dynatrace, Inc.",DT,NYSE,Computer and Technology,Computers - IT Services,17696.82,3,94.32,98.55,81.2,0.61,0.63,0.77,0.03278688524590167,0.22222222222222224,30.057749999999974,3.6539999999999995,12.7
DXC Technology Company.,DXC,NYSE,Computer and Technology,Computers - IT Services,10517.0,3,13.64,11.63,10.21,2.39,3.59,4.09,0.5020920502092049,0.1392757660167131,0.23163083333333342,0.733078,0.42
8x8 Inc,EGHT,NYSE,Computer and Technology,Internet - Software,2673.11,3,,477.2,125.58,-0.14,0.05,0.19,-1.357142857142857,2.8000000000000003,-3.51621052631579,0.4485,29.83
"Entegris, Inc.",ENTG,NSDQ,Computer and Technology,Electronics - Manufacturing Machinery,15734.73,12,39.6,34.95,30.6,2.48,3.32,3.79,0.33870967741935476,0.14156626506024103,1.0318571428571433,2.161531914893616,
"EPAM Systems, Inc.",EPAM,NYSE,Computer and Technology,Computers - IT Services,35052.55,12,84.56,73.65,58.65,6.25,8.4,10.55,0.3440000000000001,0.255952380952381,2.140988372093023,2.291441860465116,3.22
"Bottomline Technologies, Inc.",EPAY,NSDQ,Computer and Technology,Computer - Software,1819.15,6,34.85,32.76,27.74,1.16,1.22,1.45,0.05172413793103453,0.1885245901639344,6.333599999999994,1.4714260869565217,
Ericsson,ERIC,NSDQ,Computer and Technology,Wireless Equipment,38307.66,12,15.74,16.07,13.89,0.58,0.71,0.83,0.2241379310344828,0.16901408450704225,0.7169692307692307,0.8218250000000001,9.62
"Etsy, Inc.",ETSY,NSDQ,Computer and Technology,Internet - Services,24102.75,12,55.03,64.08,54.33,2.12,2.97,3.51,0.4009433962264151,0.18181818181818166,1.5982305882352938,2.9881500000000027,3.26
"Extreme Networks, Inc.",EXTR,NSDQ,Computer and Technology,Computer - Networking,1355.14,6,18.86,15.14,11.44,0.55,0.71,0.94,0.29090909090909073,0.323943661971831,0.5204375000000003,0.35314782608695644,
"FARO Technologies, Inc.",FARO,NSDQ,Computer and Technology,Computer - Integrated Systems,1241.89,12,189.81,59.42,27.33,-0.31,1.15,2.5,-4.709677419354839,1.173913043478261,-0.12616575342465752,0.23281111111111108,
"Facebook, Inc.",FB,NSDQ,Computer and Technology,Internet - Services,1033495.63,12,27.15,25.99,22.64,9.45,14.1,16.19,0.49206349206349215,0.14822695035461006,0.5281838709677418,1.527387559808611,1.21
"FireEye, Inc.",FEYE,NSDQ,Computer and Technology,Security,4221.74,12,44.13,145.35,77.7,0.29,0.12,0.23,-0.5862068965517241,0.9166666666666669,-2.4795000000000003,0.8476363636363635,9.62
"F5 Networks, Inc.",FFIV,NSDQ,Computer and Technology,Internet - Software,12286.21,9,19.82,19.21,17.17,9.33,10.6,11.87,0.1361200428724544,0.11981132075471694,1.411254330708662,1.433086614173229,1.34
Fair Isaac Corporation,FICO,NYSE,Computer and Technology,Computers - IT Services,12895.49,9,36.05,36.84,31.15,8.78,12.16,14.39,0.38496583143507984,0.18338815789473686,0.9569680473372779,1.6985829596412554,
"Five9, Inc.",FIVN,NSDQ,Computer and Technology,Internet - Software,12435.75,12,171.67,176.63,137.42,0.88,1.04,1.34,0.18181818181818185,0.2884615384615385,9.714649999999999,4.763893333333332,9.52
Flex Ltd.,FLEX,NSDQ,Computer and Technology,Electronics - Miscellaneous Products,8944.29,3,10.18,10.11,9.37,1.44,1.81,1.96,0.25694444444444453,0.08287292817679554,0.3934702702702701,1.1306466666666672,0.85
Fabrinet,FN,NYSE,Computer and Technology,Electronics - Miscellaneous Components,3301.08,6,19.17,17.4,16.54,4.58,5.14,5.41,0.12227074235807851,0.05252918287937752,1.4230714285714294,3.1487259259259206,
"FormFactor, Inc.",FORM,NSDQ,Computer and Technology,Electronics - Semiconductors,2764.45,12,22.67,23.76,20.41,1.44,1.5,1.74,0.041666666666666706,0.16,5.7023999999999955,1.275625,
"Fortinet, Inc.",FTNT,NSDQ,Computer and Technology,Security,49394.56,12,81.74,78.12,66.94,3.25,3.87,4.52,0.1907692307692308,0.16795865633074922,4.095,3.9855046153846185,5.48
Fortive Corporation,FTV,NYSE,Computer and Technology,Electronics - Testing Equipment,27115.86,12,25.82,27.63,25.22,2.97,2.74,3.0,-0.07744107744107744,0.09489051094890502,-3.5678739130434782,2.657800000000002,
GoDaddy Inc.,GDDY,NYSE,Computer and Technology,Internet - Delivery Services,11890.33,12,62.74,64.72,40.56,-2.99,1.09,1.73,-1.3645484949832776,0.5871559633027522,-0.47429607843137256,0.6907875000000002,1.85
"Grid Dynamics Holdings, Inc.",GDYN,NSDQ,Computer and Technology,Computers - IT Services,1460.25,12,97.96,77.34,65.67,0.11,0.3,0.36,1.7272727272727273,0.2,0.44775789473684213,3.2835,
"CGI Group, Inc.",GIB,NYSE,Computer and Technology,Computer - Services,22162.29,9,21.7,20.67,19.1,3.66,4.32,4.68,0.18032786885245905,0.08333333333333319,1.1462454545454543,2.292000000000004,2.53
Globant S.A.,GLOB,NYSE,Computer and Technology,Internet - Software and Services,11038.73,12,91.63,80.95,66.39,2.43,3.41,4.15,0.4032921810699588,0.217008797653959,2.007229591836735,3.0593229729729723,
Corning Incorporated,GLW,NYSE,Computer and Technology,Communication - Components,34494.36,12,20.93,18.98,16.7,1.36,2.13,2.42,0.5661764705882351,0.13615023474178406,0.335231168831169,1.2265862068965514,0.83
Generac Holdings Inc.,GNRC,NYSE,Computer and Technology,Electronics - Power Generation,25891.48,12,45.73,40.61,34.54,6.3,10.1,11.88,0.6031746031746031,0.17623762376237637,0.6732710526315789,1.9598539325842683,6.25
Gogo Inc.,GOGO,NSDQ,Computer and Technology,Wireless National,1372.4,12,,59.57,24.06,-2.32,-0.07,0.52,-0.9698275862068966,-8.428571428571429,-0.6142328888888889,-0.028545762711864403,
Alphabet Inc.,GOOG,NSDQ,Computer and Technology,Internet - Services,1852458.5,12,30.12,27.28,25.72,52.31,101.86,108.04,0.9472376218696233,0.06067150991557046,0.2879953178607468,4.239222006472487,1.81
Alphabet Inc.,GOOGL,NSDQ,Computer and Technology,Internet - Services,1844370.63,12,29.99,27.16,25.6,52.31,101.86,108.04,0.9472376218696233,0.06067150991557046,0.2867284762865792,4.219443365695788,1.8
Garmin Ltd.,GRMN,NSDQ,Computer and Technology,Electronics - Miscellaneous Products,32473.55,12,27.37,30.13,26.74,4.78,5.6,6.31,0.17154811715481158,0.12678571428571428,1.7563585365853671,2.1090704225352113,4.43
"Guidewire Software, Inc.",GWRE,NYSE,Computer and Technology,Business - Software Services,9205.23,7,116.53,11070.0,395.36,0.4,0.01,0.28,-0.975,27.0,-113.53846153846153,0.14642962962962963,
Hewlett Packard Enterprise Company,HPE,NYSE,Computer and Technology,Computer - Integrated Systems,19588.91,10,8.98,7.94,7.62,1.32,1.89,1.97,0.43181818181818166,0.04232804232804237,0.18387368421052638,1.8002249999999982,1.02
HP Inc.,HPQ,NYSE,Computer and Technology,Computer - Mini computers,35364.96,10,9.95,8.41,8.39,2.19,3.5,3.51,0.5981735159817352,0.0028571428571427964,0.14059465648854963,29.365000000000627,0.99
"HubSpot, Inc.",HUBS,NYSE,Computer and Technology,Internet - Software,30860.43,12,462.35,388.13,271.73,1.14,1.69,2.42,0.48245614035087725,0.4319526627218935,8.044876363636362,6.290735616438356,14.7
HUYA Inc. Sponsored ADR,HUYA,NYSE,Computer and Technology,Internet - Software and Services,2240.56,12,12.02,21.11,14.18,0.77,0.45,0.67,-0.41558441558441556,0.48888888888888893,-0.507959375,0.2900454545454545,3.52
International Business Machines Corporation,IBM,NYSE,Computer and Technology,Computer - Integrated Systems,128702.59,12,16.41,13.25,12.17,8.36,10.83,11.8,0.2954545454545455,0.08956602031394281,0.44846153846153836,1.3587742268041227,1.63
"Ichor Holdings, Ltd.",ICHR,NSDQ,Computer and Technology,Electronics - Semiconductors,1166.97,12,13.32,11.18,9.88,2.38,3.68,4.17,0.5462184873949582,0.1331521739130434,0.20467999999999992,0.7420081632653066,
"InterDigital, Inc.",IDCC,NSDQ,Computer and Technology,Wireless Equipment,2192.18,12,101.99,53.28,28.22,1.45,1.34,2.53,-0.07586206896551716,0.8880597014925371,-7.023272727272736,0.31777142857142865,3.55
Infosys Limited,INFY,NYSE,Computer and Technology,Computers - IT Services,99256.64,3,36.0,33.98,30.52,0.62,0.69,0.77,0.11290322580645154,0.11594202898550736,3.009657142857144,2.6323499999999975,3.4
"Inovalon Holdings, Inc.",INOV,NSDQ,Computer and Technology,Computers - IT Services,5915.78,12,51.84,50.62,42.04,0.6,0.75,0.9,0.25000000000000006,0.20000000000000004,2.0247999999999995,2.1019999999999994,1.95
Intel Corporation,INTC,NSDQ,Computer and Technology,Semiconductor - General,216927.8,12,10.09,11.16,12.0,4.89,4.79,4.46,-0.020449897750511176,-0.0688935281837161,-5.457240000000019,-1.7418181818181813,1.49
Intuit Inc.,INTU,NSDQ,Computer and Technology,Computer - Software,148363.39,7,57.15,50.1,42.23,9.35,10.84,12.86,0.1593582887700535,0.18634686346863466,3.143859060402684,2.26620396039604,3.4
IPG Photonics Corporation,IPGP,NSDQ,Computer and Technology,Lasers Systems and Components,9019.59,12,33.85,33.08,26.22,3.02,5.1,6.43,0.6887417218543045,0.2607843137254902,0.4802961538461539,1.0054285714285713,
"Itron, Inc.",ITRI,NSDQ,Computer and Technology,Electronics - Testing Equipment,3532.91,12,37.91,52.92,29.11,1.48,1.48,2.68,0.0,0.810810810810811,inf,0.35902333333333325,4.41
"Jabil, Inc.",JBL,NYSE,Computer and Technology,Electronics - Manufacturing Services,8794.99,8,11.71,10.9,10.15,2.58,5.53,5.95,1.1434108527131783,0.07594936708860758,0.09532881355932203,1.336416666666667,0.91
"j2 Global, Inc.",JCOM,NSDQ,Computer and Technology,Internet - Software,6329.69,12,13.51,13.66,12.74,7.92,9.61,10.31,0.21338383838383831,0.07284079084287212,0.6401609467455623,1.7490199999999974,1.71
"Jack Henry & Associates, Inc.",JKHY,NSDQ,Computer and Technology,Electronics - Miscellaneous Services,13203.04,6,45.81,39.06,34.99,4.0,4.55,5.08,0.13749999999999996,0.11648351648351654,2.8407272727272734,3.0038584905660364,2.79
"Juniper Networks, Inc.",JNPR,NYSE,Computer and Technology,Wireless Equipment,9322.1,12,16.77,16.63,14.91,1.54,1.72,1.92,0.11688311688311684,0.11627906976744183,1.4227888888888893,1.2822600000000002,1.41
Keysight Technologies Inc.,KEYS,NYSE,Computer and Technology,Electronics - Measuring Instruments,30995.97,10,29.34,28.22,25.73,4.7,5.91,6.48,0.2574468085106383,0.09644670050761425,1.0961487603305786,2.6677947368421044,2.58
KLA Corporation,KLAC,NSDQ,Computer and Technology,Electronics - Miscellaneous Products,50279.54,6,22.63,17.06,16.27,14.07,19.3,20.23,0.3717128642501777,0.04818652849740931,0.45895640535372845,3.376462365591399,1.22
"Kulicke and Soffa Industries, Inc.",KLIC,NSDQ,Computer and Technology,Electronics - Manufacturing Machinery,4057.7,9,15.3,10.86,12.39,0.96,6.03,5.28,5.281250000000001,-0.12437810945273631,0.02056331360946745,-0.9961560000000002,
Knowles Corporation,KN,NYSE,Computer and Technology,Communication - Components,1832.37,12,15.94,14.26,13.19,0.64,1.4,1.51,1.1874999999999998,0.07857142857142865,0.12008421052631582,1.6787272727272708,1.43
KT Corporation,KT,NYSE,Computer and Technology,Wireless Non-US ,7116.9,12,10.75,9.36,8.9,1.26,1.55,1.63,0.23015873015873017,0.051612903225806354,0.4066758620689655,1.7243750000000033,0.95
nLight Inc.,LASR,NSDQ,Computer and Technology,Electronics - Semiconductors,1098.1,12,65.18,69.33,36.14,0.12,0.37,0.7,2.0833333333333335,0.8918918918918918,0.33278399999999997,0.4052060606060607,
"Littelfuse, Inc.",LFUS,NSDQ,Computer and Technology,Electronics - Miscellaneous Components,6874.58,12,26.67,25.18,23.84,5.71,11.09,11.71,0.9422066549912435,0.055906221821460864,0.26724498141263936,4.264283870967735,2.1
Liberty Latin America Ltd.,LILA,NSDQ,Computer and Technology,Wireless National,3116.06,12,,40.51,32.61,-3.01,0.33,0.41,-1.1096345514950166,0.2424242424242423,-0.3650751497005988,1.3451625000000007,
Lumentum Holdings Inc.,LITE,NSDQ,Computer and Technology,Lasers Systems and Components,5949.04,6,12.34,13.93,12.87,6.23,5.63,6.09,-0.09630818619582672,0.0817051509769094,-1.4463983333333321,1.575176086956522,
Logitech International S.A.,LOGI,NSDQ,Computer and Technology,Computer - Peripheral Equipment,18152.39,3,15.55,23.3,21.2,5.92,4.67,5.13,-0.21114864864864866,0.09850107066381156,-1.103488,2.1522608695652172,
"LG Display Co., Ltd.",LPL,NYSE,Computer and Technology,Computer - Peripheral Equipment,6311.87,12,5.65,4.32,7.38,-0.55,2.04,1.2,-4.709090909090908,-0.411764705882353,-0.009173745173745177,-0.1792285714285714,0.13
Lam Research Corporation,LRCX,NSDQ,Computer and Technology,Semiconductor Equipment - Wafer Fabrication,83984.25,6,21.59,17.61,16.28,26.71,33.45,36.16,0.25233994758517414,0.08101644245141984,0.6978681008902076,2.009468634686352,1.04
Lattice Semiconductor Corporation,LSCC,NSDQ,Computer and Technology,Electronics - Semiconductors,7955.32,12,68.62,62.86,52.08,0.67,0.93,1.12,0.3880597014925373,0.20430107526881724,1.619853846153846,2.5491789473684205,6.29
Liberty Media Corporation,LSXMK,NSDQ,Computer and Technology,Satellite and Communication,10708.11,12,37.44,45.29,15.69,0.3,1.05,3.03,2.5,1.8857142857142855,0.18116,0.08320454545454546,
"Manhattan Associates, Inc.",MANH,NSDQ,Computer and Technology,Computer - Software,10034.93,12,79.14,78.1,79.01,1.64,2.03,2.0,0.23780487804878045,-0.014778325123152615,3.2842051282051283,-53.463433333333676,
ManTech International Corporation,MANT,NSDQ,Computer and Technology,Computer - Services,3367.48,12,23.1,23.13,22.05,3.27,3.59,3.76,0.09785932721712533,0.04735376044568243,2.363596875000001,4.65644117647059,4.57
Mobile TeleSystems PJSC,MBT,NYSE,Computer and Technology,Wireless Non-US ,8623.02,12,9.7,11.35,13.08,0.73,0.76,0.66,0.04109589041095894,-0.13157894736842102,2.7618333333333305,-0.9940800000000002,1.86
McAfee Corp.,MCFE,NSDQ,Computer and Technology,Internet - Software,11177.37,12,20.74,20.74,19.57,1.3,1.25,1.33,-0.03846153846153849,0.06400000000000006,-5.392399999999995,3.057812499999997,
Microchip Technology Incorporated,MCHP,NSDQ,Computer and Technology,Semiconductor - Analog and Mixed,41218.38,3,21.46,17.78,16.48,6.47,8.46,9.13,0.30757341576506975,0.07919621749408982,0.5780733668341705,2.0809074626865676,1.05
Micro Focus International PLC Sponsored ADR,MFGP,NYSE,Computer and Technology,Internet - Software,1896.01,10,,3.87,3.78,1.65,1.46,1.5,-0.11515151515151513,0.02739726027397263,-0.3360789473684211,1.3796999999999986,
"Magnite, Inc.",MGNI,NSDQ,Computer and Technology,Internet - Software,3665.83,12,71.61,49.0,31.03,0.08,0.57,0.9,6.124999999999999,0.5789473684210528,0.08000000000000002,0.5359727272727272,
Mimecast Limited,MIME,NSDQ,Computer and Technology,Internet - Software,3899.63,3,47.46,46.83,41.12,1.1,1.27,1.44,0.15454545454545446,0.13385826771653536,3.030176470588237,3.071905882352943,1.34
"MKS Instruments, Inc.",MKSI,NSDQ,Computer and Technology,Electronics - Manufacturing Machinery,8173.06,12,14.96,13.25,12.18,7.11,11.12,12.1,0.5639943741209562,0.08812949640287775,0.23493142144638413,1.382057142857142,
MakeMyTrip Limited,MMYT,NSDQ,Computer and Technology,Internet - Delivery Services,2771.24,3,,264.6,220.5,-0.62,0.1,0.12,-1.161290322580645,0.1999999999999999,-2.2785000000000006,11.025000000000006,
Momentive Global Inc.,MNTV,NSDQ,Computer and Technology,Computers - IT Services,2935.51,12,,884.44,124.38,-0.04,0.02,0.16,-1.5,7.000000000000001,-5.896266666666667,0.17768571428571425,
"Model N, Inc.",MODN,NYSE,Computer and Technology,Internet - Software,1179.08,9,65.9,89.66,64.93,0.42,0.37,0.51,-0.11904761904761903,0.3783783783783784,-7.531440000000001,1.716007142857143,6.9
Hello Group Inc. Sponsored ADR,MOMO,NSDQ,Computer and Technology,Internet - Software,1978.1,12,6.31,8.14,7.01,1.87,1.47,1.7,-0.21390374331550807,0.15646258503401358,-0.38054499999999997,0.44803043478260873,
"Monolithic Power Systems, Inc.",MPWR,NSDQ,Computer and Technology,Semiconductor - Analog and Mixed,21055.7,12,73.13,64.82,56.48,4.96,7.07,8.12,0.4254032258064517,0.14851485148514837,1.5237308056872034,3.8029866666666705,2.59
Mercury Systems Inc,MRCY,NSDQ,Computer and Technology,Computer - Peripheral Equipment,2913.64,6,21.44,20.6,17.81,2.36,2.52,2.91,0.0677966101694916,0.15476190476190482,3.0384999999999973,1.1507999999999996,3.35
MSCI Inc,MSCI,NYSE,Computer and Technology,Business - Software Services,51955.96,12,69.48,64.64,57.27,7.85,9.75,11.0,0.2420382165605096,0.1282051282051282,2.6706526315789465,4.467060000000001,
Microsoft Corporation,MSFT,NSDQ,Computer and Technology,Computer - Software,2213887.0,6,36.96,34.23,30.3,7.8,8.61,9.72,0.1038461538461538,0.12891986062717786,3.2962222222222235,2.3502972972972946,3.09
"Motorola Solutions, Inc.",MSI,NYSE,Computer and Technology,Wireless Equipment,39774.35,12,26.85,26.25,23.88,7.58,8.95,9.84,0.18073878627968326,0.09944134078212298,1.4523722627737234,2.4014157303370767,2.92
Datto Holding Corp.,MSP,NYSE,Computer and Technology,Internet - Software,4366.87,12,39.0,57.26,58.5,0.51,0.47,0.46,-0.07843137254901968,-0.021276595744680753,-7.300649999999994,-27.495000000000125,20.16
"MettlerToledo International, Inc.",MTD,NYSE,Computer and Technology,Instruments - Scientific,36037.23,12,50.38,47.44,43.62,25.0,32.86,35.74,0.31439999999999996,0.08764455264759594,1.508905852417303,4.976920833333328,2.8
Materialise NV,MTLS,NSDQ,Computer and Technology,Internet - Software,1094.22,12,1010.0,288.57,161.6,-0.11,0.07,0.13,-1.6363636363636362,0.857142857142857,-1.7634833333333335,1.8853333333333337,
"MACOM Technology Solutions Holdings, Inc.",MTSI,NSDQ,Computer and Technology,Semiconductor - Analog and Mixed,4157.14,9,31.15,28.48,24.58,0.96,2.12,2.46,1.2083333333333335,0.16037735849056597,0.23569655172413792,1.5326352941176473,0.71
"Micron Technology, Inc.",MU,NSDQ,Computer and Technology,Semiconductor Memory,79849.7,8,15.03,11.92,5.73,2.76,5.95,12.39,1.1557971014492756,1.0823529411764705,0.1031322884012539,0.052940217391304355,0.93
"Maxim Integrated Products, Inc.",MXIM,NSDQ,Computer and Technology,Semiconductor - Analog and Mixed,26839.05,6,31.45,27.03,24.54,3.13,3.7,4.07,0.18210862619808316,0.10000000000000002,1.4842789473684204,2.4539999999999993,2.7
"MaxLinear, Inc",MXL,NYSE,Computer and Technology,Semiconductor - Analog and Mixed,3865.53,12,28.24,21.29,18.33,0.85,2.37,2.76,1.7882352941176471,0.1645569620253163,0.11905592105263156,1.113900000000001,1.06
National Instruments Corporation,NATI,NSDQ,Computer and Technology,Electronics - Testing Equipment,5538.66,12,29.54,25.55,22.76,1.2,1.63,1.83,0.3583333333333333,0.1226993865030676,0.7130232558139536,1.8549399999999985,
NCR Corporation,NCR,NYSE,Computer and Technology,Computer - Integrated Systems,5606.84,12,18.88,16.5,11.86,1.76,2.59,3.6,0.471590909090909,0.38996138996139007,0.34987951807228923,0.3041326732673266,
Nice Ltd.,NICE,NSDQ,Computer and Technology,Internet - Software,16838.25,12,43.57,42.01,37.59,5.67,6.36,7.11,0.12169312169312177,0.11792452830188678,3.4521260869565196,3.1876320000000007,3.76
Nokia Corporation,NOK,NYSE,Computer and Technology,Wireless Equipment,34095.55,12,14.45,16.06,16.06,0.26,0.38,0.38,0.4615384615384615,0.0,0.34796666666666665,inf,10.78
Novanta Inc.,NOVT,NSDQ,Computer and Technology,Electronics - Miscellaneous Components,5243.5,12,68.72,62.61,55.13,1.85,2.36,2.68,0.2756756756756755,0.1355932203389832,2.271147058823531,4.065837499999996,
"ServiceNow, Inc.",NOW,NYSE,Computer and Technology,Computers - IT Services,114941.58,12,109.06,100.32,80.89,4.55,5.78,7.17,0.2703296703296704,0.24048442906574388,3.711024390243901,3.3636273381294974,3.56
"NetApp, Inc.",NTAP,NSDQ,Computer and Technology,Computer- Storage Devices,18324.42,4,20.2,17.69,15.82,4.01,4.62,5.17,0.15211970074812978,0.11904761904761901,1.1628999999999994,1.3288800000000003,2.01
"NetScout Systems, Inc.",NTCT,NSDQ,Computer and Technology,Computer - Networking,2002.53,3,15.62,15.67,13.9,1.67,1.73,1.95,0.035928143712574884,0.12716763005780346,4.361483333333329,1.0930454545454547,3.13
"NetEase, Inc.",NTES,NSDQ,Computer and Technology,Internet - Software and Services,57166.45,12,12.64,23.68,19.05,2.85,3.6,4.48,0.2631578947368421,0.24444444444444452,0.8998400000000001,0.7793181818181816,1.03
"NETGEAR, Inc.",NTGR,NSDQ,Computer and Technology,Computer - Networking,1064.75,12,9.25,12.35,11.45,2.75,2.82,3.04,0.025454545454545396,0.07801418439716319,4.851785714285725,1.4676818181818168,
"Nuance Communications, Inc.",NUAN,NSDQ,Computer and Technology,Computer - Software,17223.21,9,74.0,71.12,62.23,0.82,0.77,0.88,-0.06097560975609748,0.14285714285714285,-11.663680000000015,4.3561000000000005,
NVIDIA Corporation,NVDA,NSDQ,Computer and Technology,Semiconductor - General,497154.0,1,16.83,50.32,45.69,2.43,3.96,4.37,0.6296296296296295,0.10353535353535358,0.7992000000000001,4.412985365853657,2.92
Nova Ltd.,NVMI,NSDQ,Computer and Technology,Electronics - Semiconductors,2695.59,12,35.15,27.59,25.26,2.02,3.46,3.79,0.7128712871287128,0.09537572254335262,0.3870263888888889,2.6484727272727264,1.03
nVent Electric PLC,NVT,NYSE,Computer and Technology,Electronics - Miscellaneous Components,5638.31,12,18.53,18.33,17.02,1.49,1.83,1.97,0.2281879194630873,0.0765027322404371,0.8032852941176467,2.2247571428571447,
NXP Semiconductors N.V.,NXPI,NSDQ,Computer and Technology,Semiconductor - Analog and Mixed,56521.45,12,23.5,20.69,18.66,6.05,10.31,11.43,0.7041322314049588,0.10863239573229866,0.29383685446009383,1.7177196428571442,2.07
Universal Display Corporation,OLED,NSDQ,Computer and Technology,Electronics - Miscellaneous Components,9253.41,12,50.22,48.53,36.73,2.3,4.05,5.35,0.7608695652173914,0.32098765432098764,0.637822857142857,1.144280769230769,1.62
ON Semiconductor Corporation,ON,NSDQ,Computer and Technology,Semiconductor - Analog and Mixed,18689.4,12,27.13,17.37,15.49,0.77,2.5,2.8,2.2467532467532467,0.11999999999999993,0.07731156069364162,1.2908333333333342,0.33
Onto Innovation Inc.,ONTO,NYSE,Computer and Technology,Nanotechnology,3524.62,12,25.83,20.1,17.96,1.81,3.56,3.98,0.9668508287292817,0.11797752808988762,0.2078914285714286,1.5223238095238096,
OptimizeRx Corp.,OPRX,NSDQ,Computer and Technology,Computer - Software,1058.88,12,166.94,111.99,62.82,0.18,0.54,0.96,2.0000000000000004,0.7777777777777776,0.5599499999999998,0.8076857142857145,
Orange,ORAN,NYSE,Computer and Technology,Wireless Non-US ,30384.01,12,,10.06,8.79,1.14,1.14,1.3,0.0,0.1403508771929826,inf,0.6262874999999993,
Oracle Corporation,ORCL,NYSE,Computer and Technology,Computer - Software,253569.44,5,19.36,19.54,17.28,4.46,4.65,5.26,0.042600896860986635,0.1311827956989246,4.586757894736832,1.3172459016393456,2.3
"OSI Systems, Inc.",OSIS,NSDQ,Computer and Technology,Electronics - Miscellaneous Components,1809.71,6,20.09,18.14,16.43,5.26,5.55,6.13,0.05513307984790875,0.10450450450450452,3.2902206896551722,1.5721810344827583,2.02
Open Text Corporation,OTEX,NSDQ,Computer and Technology,Computer - Software,14514.4,6,15.76,14.98,14.71,3.35,3.57,3.63,0.0656716417910447,0.016806722689075647,2.281045454545457,8.752449999999993,
"Palo Alto Networks, Inc.",PANW,NYSE,Computer and Technology,Security,36065.79,7,61.41,52.3,42.89,5.99,7.08,8.63,0.1819699499165275,0.21892655367231648,2.874100917431193,1.9591045161290315,2.24
Paya Holdings Inc.,PAYA,NSDQ,Computer and Technology,Internet - Software,1301.83,12,127.75,24.14,18.58,0.28,0.42,0.55,0.4999999999999998,0.3095238095238097,0.48280000000000023,0.6002769230769227,
"Paycom Software, Inc.",PAYC,NYSE,Computer and Technology,Internet - Software,28451.09,12,118.96,108.42,85.92,3.45,4.37,5.51,0.2666666666666666,0.26086956521739124,4.065750000000001,3.2936000000000005,4.34
Pitney Bowes Inc.,PBI,NYSE,Computer and Technology,Office Automation and Equipment,1361.58,12,19.35,22.11,14.07,0.26,0.35,0.55,0.34615384615384603,0.5714285714285716,0.6387333333333335,0.24622499999999994,
Paylocity Holding Corporation,PCTY,NSDQ,Computer and Technology,Internet - Software,13700.05,6,118.92,116.08,89.52,1.93,2.16,2.8,0.11917098445595865,0.2962962962962961,9.740626086956514,3.021300000000002,
Pegasystems Inc.,PEGA,NSDQ,Computer and Technology,Computer - Software,10385.6,12,375.0,303.57,157.41,-0.29,0.42,0.81,-2.4482758620689657,0.9285714285714288,-1.2399338028169014,1.6951846153846148,
"Proofpoint, Inc.",PFPT,NSDQ,Computer and Technology,Security,10093.77,12,80.91,79.53,63.55,1.9,2.2,2.75,0.15789473684210542,0.2499999999999999,5.036899999999995,2.542000000000001,3.42
PLDT Inc.,PHI,NYSE,Computer and Technology,Wireless Non-US ,5399.23,12,8.89,8.99,10.54,2.69,2.78,2.37,0.03345724907063192,-0.1474820143884891,2.6870111111111155,-0.7146634146341468,
Ping Identity Holding Corp.,PING,NYSE,Computer and Technology,Computers - IT Services,1929.08,12,67.14,114.63,75.2,0.32,0.2,0.31,-0.375,0.5499999999999999,-3.0568,1.3672727272727274,13.35
"Pinterest, Inc.",PINS,NYSE,Computer and Technology,Internet - Software,36299.05,12,61.21,51.5,38.83,0.31,1.09,1.45,2.5161290322580645,0.330275229357798,0.20467948717948717,1.1756861111111117,
"PerkinElmer, Inc.",PKI,NYSE,Computer and Technology,Instruments - Scientific,20697.39,12,14.65,18.64,30.45,7.94,9.91,6.06,0.2481108312342569,-0.38849646821392536,0.7512771573604062,-0.783790909090909,0.49
ePlus inc.,PLUS,NSDQ,Computer and Technology,Business - Software Services,1380.25,3,14.94,13.92,14.01,6.18,7.34,7.3,0.1877022653721683,-0.005449591280653956,0.7415999999999998,-25.708349999999975,
Plexus Corp.,PLXS,NSDQ,Computer and Technology,Electronics - Manufacturing Services,2513.13,9,16.9,17.88,15.8,3.93,4.91,5.56,0.24936386768447835,0.13238289205702636,0.7170244897959184,1.1935076923076935,
"Plantronics, Inc.",POLY,NYSE,Computer and Technology,Communication - Components,1229.03,3,6.87,9.96,7.79,3.67,2.91,3.73,-0.20708446866485009,0.28178694158075596,-0.480963157894737,0.27645000000000003,
"Power Integrations, Inc.",POWI,NSDQ,Computer and Technology,Semiconductors - Power,5945.86,12,38.08,32.44,31.51,1.54,3.04,3.13,0.974025974025974,0.02960526315789469,0.3330506666666666,10.643377777777795,
"Perficient, Inc.",PRFT,NSDQ,Computer and Technology,Computer - Services,3472.93,12,34.92,32.1,28.07,2.43,3.29,3.76,0.3539094650205761,0.1428571428571428,0.9070116279069769,1.964900000000001,2.01
Progress Software Corporation,PRGS,NSDQ,Computer and Technology,Computer - Software,1968.09,11,13.0,12.93,12.72,2.96,3.48,3.54,0.17567567567567569,0.017241379310344845,0.7360153846153845,7.377599999999993,6.46
"Pure Storage, Inc.",PSTG,NYSE,Computer and Technology,Computer- Storage Devices,5531.97,1,97.65,61.61,37.13,0.14,0.32,0.53,1.2857142857142856,0.65625,0.47918888888888894,0.5657904761904762,1.32
PTC Inc.,PTC,NSDQ,Computer and Technology,Computer - Software,15278.41,9,35.56,37.14,33.08,2.35,3.51,3.93,0.4936170212765956,0.11965811965811977,0.7524051724137933,2.7645428571428545,1.6
"PubMatic, Inc.",PUBM,NSDQ,Computer and Technology,Internet - Software,1404.98,12,,60.55,56.08,0.67,0.47,0.51,-0.29850746268656725,0.08510638297872349,-2.0284249999999995,6.589399999999993,2.42
"PayPal Holdings, Inc.",PYPL,NSDQ,Computer and Technology,Internet - Software,326987.97,12,61.57,58.83,47.33,3.8,4.73,5.88,0.24473684210526334,0.24312896405919648,2.4038064516129016,1.9467034782608705,2.73
QAD Inc.,QADA,NSDQ,Computer and Technology,Business - Software Services,1804.84,1,68.61,68.26,63.3,0.85,1.28,1.38,0.5058823529411766,0.07812499999999989,1.3493255813953486,8.10240000000001,
QUALCOMM Incorporated,QCOM,NSDQ,Computer and Technology,Wireless Equipment,167090.64,9,19.91,17.97,16.25,3.92,8.24,9.12,1.1020408163265307,0.10679611650485425,0.16306111111111107,1.5215909090909108,0.86
"Qualys, Inc.",QLYS,NSDQ,Computer and Technology,Security,4242.66,12,36.19,36.09,34.13,2.87,3.02,3.19,0.052264808362369304,0.056291390728476796,6.905220000000004,6.063094117647062,
"Qorvo, Inc.",QRVO,NSDQ,Computer and Technology,Semiconductors - Radio Frequency,20846.82,3,16.93,15.5,14.0,9.45,12.1,13.4,0.28042328042328046,0.10743801652892568,0.5527358490566038,1.3030769230769224,1.22
"Q2 Holdings, Inc.",QTWO,NYSE,Computer and Technology,Business - Software Services,4445.41,12,281.18,291.59,183.09,0.1,0.27,0.43,1.7,0.5925925925925924,1.715235294117647,3.089643750000001,
Radware Ltd.,RDWR,NSDQ,Computer and Technology,Security,1500.62,12,43.13,42.01,34.66,0.66,0.77,0.93,0.16666666666666663,0.20779220779220783,2.5206000000000004,1.6680124999999997,2.47
RELX PLC,RELX,NYSE,Computer and Technology,Internet - Content,58477.81,12,,25.41,22.57,1.08,1.19,1.34,0.10185185185185174,0.12605042016806733,2.4948000000000032,1.7905533333333319,2.6
Ricoh Co.,RICOY,OTCBB,Computer and Technology,Office Automation and Equipment,7843.92,3,,18.8,12.59,-0.35,0.56,0.84,-2.6,0.4999999999999998,-0.07230769230769231,0.2518000000000001,
"Rambus, Inc.",RMBS,NSDQ,Computer and Technology,Electronics - Semiconductors,2604.82,12,27.49,17.99,16.61,1.17,1.33,1.44,0.13675213675213688,0.08270676691729313,1.3155187499999987,2.0083000000000024,
"Ringcentral, Inc.",RNG,NYSE,Computer and Technology,Internet - Software and Services,22391.58,12,214.64,190.31,153.15,0.96,1.29,1.6,0.3437500000000001,0.24031007751937988,5.536290909090907,6.373016129032258,7.37
Rogers Corporation,ROG,NYSE,Computer and Technology,Electronics - Miscellaneous Components,3726.54,12,29.83,26.58,23.22,4.89,7.49,8.57,0.5316973415132926,0.14419225634178906,0.4999084615384613,1.61035,
Science Applications International Corporation,SAIC,NYSE,Computer and Technology,Computers - IT Services,4893.49,1,12.31,13.15,12.03,6.06,6.42,7.02,0.059405940594059466,0.09345794392523359,2.213583333333331,1.2872100000000006,
Sanmina Corporation,SANM,NSDQ,Computer and Technology,Electronics - Manufacturing Services,2484.67,9,9.26,9.47,8.77,2.73,4.03,4.35,0.4761904761904763,0.07940446650124054,0.19887,1.1044718750000022,0.79
SAP SE,SAP,NYSE,Computer and Technology,Computer - Software,181732.61,12,18.97,20.34,22.99,6.31,7.27,6.43,0.15213946117274169,-0.11554332874828059,1.33693125,-1.989729761904762,2.03
EchoStar Corporation,SATS,NSDQ,Computer and Technology,Satellite and Communication,2238.25,12,57.21,12.22,29.61,-0.41,2.06,0.85,-6.02439024390244,-0.587378640776699,-0.02028421052631579,-0.504104132231405,
"SMART Global Holdings, Inc.",SGH,NSDQ,Computer and Technology,Electronics - Semiconductors,1057.53,8,11.29,9.37,7.57,2.56,4.65,5.76,0.8164062500000001,0.2387096774193547,0.11477129186602868,0.31712162162162183,
Scientific Games Corp,SGMS,NSDQ,Computer and Technology,Computer - Services,6704.44,12,,58.14,28.28,-5.46,1.2,2.46,-1.2197802197802199,1.05,-0.4766432432432432,0.26933333333333337,
Shopify Inc.,SHOP,NYSE,Computer and Technology,Internet - Services,185123.36,12,213.94,324.84,290.25,3.69,4.58,5.13,0.24119241192411928,0.12008733624454145,13.468085393258423,24.169909090909098,12.99
Silicon Motion Technology Corporation,SIMO,NSDQ,Computer and Technology,Electronics - Semiconductors,2534.87,12,17.16,12.65,11.0,3.08,5.74,6.6,0.8636363636363636,0.14982578397212534,0.14647368421052634,0.7341860465116283,1.58
SiTime Corporation,SITM,NSDQ,Computer and Technology,Electronics - Miscellaneous Products,3833.7,12,153.53,87.64,65.62,0.32,2.3,3.07,6.187499999999999,0.3347826086956522,0.14164040404040407,1.960077922077922,5.84
"SK Telecom Co., Ltd.",SKM,NYSE,Computer and Technology,Wireless Non-US ,21120.34,12,10.31,9.92,8.33,2.09,2.93,3.49,0.4019138755980863,0.19112627986348124,0.24681904761904755,0.4358375,
"Silicon Laboratories, Inc.",SLAB,NSDQ,Computer and Technology,Semiconductor - Analog and Mixed,7063.33,12,44.7,110.81,108.22,2.9,1.42,1.46,-0.5103448275862069,0.028169014084507067,-2.171277027027027,38.41809999999997,
Semtech Corporation,SMTC,NSDQ,Computer and Technology,Semiconductor - Analog and Mixed,4227.35,1,33.56,26.71,22.94,1.73,2.44,2.84,0.4104046242774566,0.16393442622950816,0.6508211267605635,1.3993400000000005,2.14
Snap Inc.,SNAP,NYSE,Computer and Technology,Internet - Software,114535.29,12,362.2,213.06,90.88,-0.09,0.34,0.8,-4.777777777777779,1.352941176470588,-0.4459395348837209,0.6717217391304348,
"Synopsys, Inc.",SNPS,NSDQ,Computer and Technology,Computer - Software,44921.11,10,45.02,45.62,40.4,5.55,6.45,7.29,0.16216216216216223,0.13023255813953485,2.8132333333333324,3.1021428571428578,3.11
SYNNEX Corporation,SNX,NYSE,Computer and Technology,Business - Software Services,6482.47,11,9.97,14.87,14.06,12.25,8.4,8.88,-0.3142857142857143,0.05714285714285719,-0.47313636363636363,2.460499999999998,1.43
Sapiens International Corporation N.V.,SPNS,NSDQ,Computer and Technology,Computer - Software,1511.35,12,25.08,24.06,21.44,0.97,1.15,1.29,0.1855670103092783,0.12173913043478272,1.296566666666667,1.7611428571428556,
"Square, Inc.",SQ,NYSE,Computer and Technology,Internet - Software,121084.44,12,152.25,146.06,121.85,0.75,1.8,2.16,1.4000000000000001,0.20000000000000004,1.0432857142857144,6.0924999999999985,4.65
"SS&C Technologies Holdings, Inc.",SSNC,NSDQ,Computer and Technology,Computer - Software,19501.63,12,16.43,15.87,15.38,4.22,4.82,4.97,0.14218009478673,0.031120331950207355,1.116189999999999,4.942106666666685,
"Shutterstock, Inc.",SSTK,NYSE,Computer and Technology,Internet - Content,3833.68,12,28.06,33.71,31.39,2.4,3.11,3.34,0.29583333333333334,0.07395498392282958,1.139492957746479,4.244473913043478,2.55
Sensata Technologies Holding N.V.,ST,NYSE,Computer and Technology,Instruments - Control,9538.88,12,18.14,16.92,14.79,2.15,3.56,4.07,0.6558139534883722,0.1432584269662922,0.258,1.0323999999999995,1.53
STMicroelectronics N.V.,STM,NYSE,Computer and Technology,Semiconductor - General,39301.76,12,25.08,22.54,20.0,1.19,1.91,2.16,0.6050420168067226,0.13089005235602105,0.3725361111111111,1.5279999999999987,
StoneCo Ltd.,STNE,NSDQ,Computer and Technology,Internet - Software,15751.37,12,96.26,60.74,36.36,0.55,0.84,1.4,0.5272727272727271,0.6666666666666666,1.1519655172413796,0.5454000000000001,
SolarWinds Corp.,SWI,NYSE,Computer and Technology,Internet - Software,2864.98,12,14.98,10.62,10.62,1.95,1.71,1.71,-0.12307692307692307,0.0,-0.8628750000000001,inf,
"Skyworks Solutions, Inc.",SWKS,NSDQ,Computer and Technology,Semiconductors - Radio Frequency,30001.88,9,18.67,17.43,15.6,5.8,10.42,11.65,0.7965517241379311,0.11804222648752404,0.2188181818181818,1.3215609756097555,0.9
Synaptics Incorporated,SYNA,NSDQ,Computer and Technology,Electronics - Semiconductors,5992.07,6,20.36,17.15,15.8,8.17,9.93,10.77,0.215422276621787,0.08459214501510573,0.7961107954545454,1.8677857142857146,1.72
AT&T Inc.,T,NYSE,Computer and Technology,Wireless National,201348.0,12,8.65,8.76,8.96,3.17,3.22,3.15,0.015772870662460654,-0.021739130434782695,5.55383999999997,-4.121599999999984,2.6
Teradata Corporation,TDC,NYSE,Computer and Technology,Computer- Storage Devices,5935.04,12,24.29,30.06,27.52,1.19,1.81,1.98,0.5210084033613447,0.09392265193370161,0.5769580645161289,2.9300705882352958,1.1
Atlassian Corporation PLC,TEAM,NSDQ,Computer and Technology,Internet - Software,45863.54,6,240.3,211.98,158.76,1.33,1.58,2.1,0.18796992481203006,0.3291139240506329,11.277336,4.823861538461538,10.6
TE Connectivity Ltd.,TEL,NYSE,Computer and Technology,Electronics - Miscellaneous Components,50327.85,9,25.62,23.7,22.13,3.96,6.47,6.93,0.6338383838383838,0.07109737248840803,0.37391235059760963,3.112632608695652,2.28
"Tenable Holdings, Inc.",TENB,NSDQ,Computer and Technology,Internet - Software,4432.61,12,94.52,147.88,110.91,0.12,0.28,0.38,1.3333333333333337,0.35714285714285704,1.1090999999999998,3.105480000000001,
"Teradyne, Inc.",TER,NSDQ,Computer and Technology,Electronics - Testing Equipment,19697.57,12,22.35,21.07,19.88,4.49,5.62,5.96,0.25167037861915365,0.06049822064056937,0.8372061946902656,3.286047058823531,1.53
"Thryv Holdings, Inc.",THRY,NSDQ,Computer and Technology,Internet - Software,1055.25,12,5.7,11.89,12.01,1.51,2.62,2.6,0.7350993377483445,-0.007633587786259549,0.16174684684684681,-15.733099999999984,
TIM S.A. Sponsored ADR,TIMB,NYSE,Computer and Technology,Wireless Non-US ,5267.66,12,12.22,14.77,13.89,0.53,0.74,0.78,0.39622641509433953,0.054054054054054106,0.37276666666666675,2.5696499999999975,0.92
Turkcell Iletisim Hizmetleri AS,TKC,NYSE,Computer and Technology,Wireless Non-US ,3995.2,12,7.32,5.97,5.6,0.67,0.76,0.81,0.13432835820895517,0.06578947368421058,0.4444333333333335,0.8511999999999993,0.35
Telos Corporation,TLS,NSDQ,Computer and Technology,Computers - IT Services,1639.02,12,,76.15,33.99,-0.11,0.32,0.72,-3.909090909090909,1.2499999999999998,-0.19480232558139535,0.27192000000000005,
Tencent Music Entertainment Group Sponsored ADR,TME,NYSE,Computer and Technology,Internet - Content,14963.59,12,19.82,23.27,19.25,0.44,0.38,0.46,-0.13636363636363635,0.21052631578947373,-1.7064666666666668,0.9143749999999998,2.6
"TMobile US, Inc.",TMUS,NSDQ,Computer and Technology,Wireless National,175626.3,12,36.08,60.68,41.64,2.76,2.32,3.38,-0.15942028985507245,0.456896551724138,-3.8062909090909094,0.9113660377358489,
Trimble Inc.,TRMB,NSDQ,Computer and Technology,Electronics - Miscellaneous Products,22665.92,12,34.78,35.15,32.33,2.14,2.56,2.79,0.19626168224299062,0.08984374999999999,1.7909761904761907,3.5984695652173917,3.52
Tower Semiconductor Ltd.,TSEM,NSDQ,Computer and Technology,Electronics - Semiconductors,2994.95,12,23.97,19.61,15.45,0.9,1.43,1.82,0.5888888888888888,0.2727272727272728,0.3330000000000001,0.5664999999999998,
Taiwan Semiconductor Manufacturing Company Ltd.,TSM,NYSE,Computer and Technology,Semiconductor - Circuit Foundry,594480.38,12,30.49,28.51,23.64,3.54,4.02,4.85,0.1355932203389829,0.20646766169154232,2.1026125000000024,1.1449734939759033,1.78
The Trade Desk Inc.,TTD,NSDQ,Computer and Technology,Internet - Services,37796.24,12,12.02,101.88,89.47,0.5,0.77,0.88,0.54,0.14285714285714285,1.8866666666666665,6.2629,4.43
"TechTarget, Inc.",TTGT,NSDQ,Computer and Technology,Internet - Content,2185.42,12,45.39,37.49,31.23,1.16,2.07,2.48,0.7844827586206896,0.19806763285024162,0.4778945054945055,1.576734146341463,
"TTM Technologies, Inc.",TTMI,NSDQ,Computer and Technology,Electronics - Miscellaneous Components,1515.58,12,11.62,10.71,9.15,0.99,1.31,1.54,0.3232323232323233,0.17557251908396945,0.33134062499999994,0.5211521739130435,
"Twitter, Inc.",TWTR,NYSE,Computer and Technology,Internet - Software,50894.31,12,68.58,72.75,52.28,-0.72,0.88,1.22,-2.2222222222222223,0.38636363636363635,-0.32737499999999997,1.3531294117647061,
Texas Instruments Incorporated,TXN,NSDQ,Computer and Technology,Semiconductor - General,175271.42,12,26.48,24.16,23.24,5.51,7.86,8.17,0.4264972776769511,0.03944020356234092,0.5664748936170211,5.892464516129039,2.59
"Tyler Technologies, Inc.",TYL,NYSE,Computer and Technology,Business - Software Services,19460.66,12,77.47,70.69,59.71,5.54,6.74,7.98,0.21660649819494587,0.18397626112759646,3.263521666666666,3.2455274193548385,
"Ultra Clean Holdings, Inc.",UCTT,NSDQ,Computer and Technology,Electronics - Manufacturing Machinery,1887.23,12,12.24,10.83,9.71,2.7,3.9,4.35,0.4444444444444443,0.11538461538461532,0.24367500000000009,0.8415333333333338,1.35
"Upland Software, Inc.",UPLD,NSDQ,Computer and Technology,Internet - Software,1139.89,12,17.27,18.37,16.87,2.31,2.04,2.22,-0.1168831168831169,0.08823529411764713,-1.5716555555555556,1.9119333333333317,1.84
"Upstart Holdings, Inc.",UPST,NSDQ,Computer and Technology,Computers - IT Services,15622.7,12,,313.89,254.29,0.16,0.64,0.79,3.0,0.23437500000000003,1.0463,10.849706666666664,
United States Cellular Corporation,USM,NYSE,Computer and Technology,Wireless National,2681.92,12,14.65,19.25,17.37,2.24,1.61,1.78,-0.28125,0.10559006211180119,-0.6844444444444444,1.6450411764705892,
"Vocera Communications, Inc.",VCRA,NYSE,Computer and Technology,Communication - Components,1561.47,12,54.19,78.71,58.2,0.47,0.57,0.77,0.21276595744680848,0.3508771929824563,3.6993700000000005,1.6586999999999994,5.43
Veeco Instruments Inc.,VECO,NSDQ,Computer and Technology,Electronics - Manufacturing Machinery,1087.03,12,19.28,16.74,13.64,0.87,1.29,1.58,0.4827586206896552,0.2248062015503876,0.3467571428571428,0.6067448275862068,
Veeva Systems Inc.,VEEV,NYSE,Computer and Technology,Internet - Software,48814.89,1,100.07,91.44,79.67,2.84,3.49,4.01,0.22887323943661986,0.14899713467048697,3.995224615384613,5.347082692307698,5.78
"Vertex, Inc.",VERX,NSDQ,Computer and Technology,Internet - Software,2798.04,12,49.9,74.35,71.82,0.44,0.25,0.26,-0.4318181818181818,0.040000000000000036,-1.7217894736842105,17.954999999999984,
Vonage Holdings Corp.,VG,NSDQ,Computer and Technology,Internet - Software and Services,3339.59,12,69.79,69.79,52.81,0.21,0.19,0.25,-0.09523809523809519,0.3157894736842105,-7.327950000000005,1.672316666666667,13.96
Viavi Solutions Inc.,VIAV,NSDQ,Computer and Technology,Communication - Components,3733.67,6,19.44,19.3,18.99,0.8,0.85,0.86,0.06249999999999992,0.011764705882352951,3.088000000000004,16.141499999999986,
Vicor Corporation,VICR,NSDQ,Computer and Technology,Electronics - Miscellaneous Components,5206.01,12,103.83,72.81,47.76,0.32,1.64,2.5,4.124999999999999,0.5243902439024392,0.17650909090909098,0.9107720930232556,
Vipshop Holdings Limited,VIPS,NYSE,Computer and Technology,Internet - Delivery Services,10505.8,12,10.25,9.5,8.06,1.29,1.63,1.92,0.2635658914728681,0.17791411042944788,0.36044117647058843,0.45302758620689654,
"VMware, Inc.",VMW,NYSE,Computer and Technology,Computer - Software,65914.59,1,21.15,22.65,20.79,7.05,6.95,7.57,-0.014184397163120517,0.0892086330935252,-15.968250000000056,2.3304919354838707,1.62
Vodafone Group PLC,VOD,NSDQ,Computer and Technology,Wireless Non-US ,47014.0,3,,13.76,12.11,1.11,1.23,1.4,0.10810810810810799,0.13821138211382109,1.2728000000000015,0.8761941176470591,4.59
"Varonis Systems, Inc.",VRNS,NSDQ,Computer and Technology,Security,6217.21,12,187.58,1163.0,273.65,-0.16,0.05,0.21,-1.3125,3.1999999999999993,-8.860952380952382,0.8551562500000001,
Verint Systems Inc.,VRNT,NSDQ,Computer and Technology,Computer - Software,2774.81,1,12.2,19.08,16.48,3.41,2.24,2.59,-0.34310850439882695,0.15624999999999983,-0.5560923076923078,1.0547200000000012,1.36
"VeriSign, Inc.",VRSN,NSDQ,Computer and Technology,Internet - Software and Services,23560.76,12,38.22,39.15,34.98,6.97,5.38,6.02,-0.22812051649928264,0.11895910780669139,-1.716198113207547,2.940506250000001,
Vertiv Holdings Co.,VRT,NYSE,Computer and Technology,Computers - IT Services,9487.36,12,23.01,23.61,20.6,0.86,1.14,1.31,0.3255813953488371,0.14912280701754402,0.7251642857142858,1.381411764705881,1.19
Viasat Inc.,VSAT,NSDQ,Computer and Technology,Wireless Equipment,3951.53,3,114.66,163.3,142.76,-0.33,0.33,0.38,-2.0,0.15151515151515146,-0.8165,9.422160000000002,6.65
"Vishay Intertechnology, Inc.",VSH,NYSE,Computer and Technology,Semiconductor - Discretes,3294.07,12,14.23,9.66,10.39,0.92,2.36,2.19,1.5652173913043477,-0.07203389830508472,0.06171666666666668,-1.4423764705882358,0.4
Verizon Communications Inc.,VZ,NYSE,Computer and Technology,Wireless National,231763.67,12,10.89,10.64,10.49,4.85,5.26,5.34,0.08453608247422684,0.015209125475285185,1.258634146341463,6.897174999999994,3.11
Waters Corporation,WAT,NYSE,Computer and Technology,Instruments - Scientific,25044.24,12,38.14,38.29,35.06,8.28,10.66,11.64,0.28743961352657016,0.09193245778611636,1.3321058823529406,3.8136693877551004,4.08
Weibo Corporation,WB,NSDQ,Computer and Technology,Internet - Content,11557.42,12,19.16,18.37,15.96,2.21,2.76,3.18,0.2488687782805429,0.1521739130434784,0.7381400000000002,1.048799999999999,3.76
"WESCO International, Inc.",WCC,NYSE,Computer and Technology,Electronics - Parts Distribution,5778.94,12,16.51,13.98,12.41,5.28,8.2,9.24,0.5530303030303029,0.12682926829268304,0.25278904109589045,0.9784807692307683,1.4
"Workday, Inc.",WDAY,NSDQ,Computer and Technology,Internet - Software,57447.26,1,70.48,79.31,66.2,2.69,2.93,3.51,0.08921933085501867,0.197952218430034,8.88932916666666,3.344241379310347,3.92
Western Digital Corporation,WDC,NSDQ,Computer and Technology,Computer- Storage Devices,18954.11,6,13.68,5.78,4.99,3.83,10.71,12.4,1.7963446475195823,0.1577964519140989,0.03217645348837209,0.31623017751479304,
Wipro Limited,WIT,NYSE,Computer and Technology,Business - Software Services,50383.47,3,31.61,30.78,28.78,0.26,0.29,0.31,0.11538461538461527,0.06896551724137938,2.667600000000003,4.173099999999996,3.42
"Watts Water Technologies, Inc.",WTS,NYSE,Computer and Technology,Instruments - Control,5579.3,12,33.71,32.01,29.28,3.74,5.18,5.66,0.38502673796791426,0.09266409266409276,0.8313708333333336,3.1597999999999966,4.0
"Woodward, Inc.",WWD,NSDQ,Computer and Technology,Instruments - Control,7362.09,9,36.51,35.02,28.04,3.73,3.31,4.13,-0.11260053619302947,0.2477341389728096,-3.1101095238095247,1.1318585365853662,2.59
"Xilinx, Inc.",XLNX,NSDQ,Computer and Technology,Semiconductors - Programmable Logic,35298.86,3,42.33,38.42,34.83,3.0,3.71,4.09,0.23666666666666666,0.10242587601078164,1.6233802816901408,3.400507894736843,
Yalla Group Limited Sponsored ADR,YALA,NYSE,Computer and Technology,Internet - Software,1447.94,12,17.96,21.4,11.98,0.4,0.47,0.84,0.17499999999999988,0.7872340425531915,1.2228571428571435,0.1521783783783784,0.89
Yelp Inc.,YELP,NYSE,Computer and Technology,Internet - Content,2732.94,12,161.52,1350.91,65.64,-0.57,0.03,0.57,-1.0526315789473684,17.999999999999996,-12.833645000000002,0.036466666666666675,
Yandex N.V.,YNDX,NSDQ,Computer and Technology,Internet - Content,24621.18,12,112.11,131.15,61.79,0.93,0.53,1.13,-0.43010752688172044,1.132075471698113,-3.0492375000000003,0.5458116666666668,3.46
JOYY Inc. Sponsored ADR,YY,NSDQ,Computer and Technology,Internet - Services,3408.52,12,28.43,390.27,38.68,3.94,0.11,1.11,-0.9720812182741118,9.090909090909092,-4.014787989556135,0.042547999999999996,
"Zendesk, Inc.",ZEN,NYSE,Computer and Technology,Internet - Software,14415.62,12,207.09,185.14,122.25,0.56,0.65,0.98,0.16071428571428564,0.5076923076923077,11.519822222222226,2.4079545454545457,4.99
"Zillow Group, Inc.",ZG,NSDQ,Computer and Technology,Internet - Services,24452.96,12,58.1,87.56,71.21,0.26,1.1,1.35,3.230769230769231,0.22727272727272727,0.2710190476190476,3.13324,5.34
ZoomInfo Technologies Inc.,ZI,NSDQ,Computer and Technology,Computer - Integrated Systems,23005.94,12,117.76,115.74,87.23,0.33,0.51,0.68,0.5454545454545454,0.3333333333333334,2.1219,2.6168999999999993,3.24
"Zoom Video Communications, Inc.",ZM,NSDQ,Computer and Technology,Internet - Software,102657.54,1,78.29,74.84,75.0,2.89,4.66,4.65,0.6124567474048442,-0.00214592274678107,1.2219638418079097,-349.5000000000075,4.5
"Zscaler, Inc.",ZS,NSDQ,Computer and Technology,Internet - Services,33346.75,7,553.25,436.43,235.43,0.47,0.56,1.03,0.19148936170212785,0.8392857142857142,22.791344444444423,2.8051234042553195,8.62
