Date,MAN_PMI,MAN_NEWORDERS,MAN_EMPL,MAN_PROD,MAN_DELIV,MAN_INVENT,MAN_CUSTINV,MAN_PRICES,MAN_BACKLOG,MAN_EXPORTS,MAN_IMPORTS,NONMAN_NMI,NONMAN_BUSACT,NONMAN_NEWORD,NONMAN_EMPL,NONMAN_DELIV,NONMAN_INVENT,NONMAN_INVSENT,NONMAN_BACKLOG,NONMAN_PRICES,NONMAN_IMPORTS,NONMAN_EXPORTS
1948-01-01,51.7,53.3,54.8,59.1,36.3,45.3,,72.2,,,,,,,,,,,,,,
1948-02-01,50.2,51.1,55.8,55.2,37.1,43.9,,62.7,,,,,,,,,,,,,,
1948-03-01,43.3,43.9,44.0,47.8,32.7,44.5,,69.3,,,,,,,,,,,,,,
1948-04-01,45.4,44.5,43.9,49.5,41.6,46.1,,75.8,,,,,,,,,,,,,,
1948-05-01,49.5,51.2,51.8,52.1,40.4,47.0,,70.8,,,,,,,,,,,,,,
1948-06-01,53.0,58.1,50.8,56.8,38.4,54.7,,78.5,,,,,,,,,,,,,,
1948-07-01,48.4,50.4,49.1,51.4,36.8,51.1,,77.3,,,,,,,,,,,,,,
1948-08-01,45.1,46.0,46.1,51.0,31.2,46.6,,77.0,,,,,,,,,,,,,,
1948-09-01,42.1,40.6,46.1,47.9,28.3,45.2,,66.0,,,,,,,,,,,,,,
1948-10-01,47.2,52.1,47.5,52.7,28.7,45.4,,56.6,,,,,,,,,,,,,,
1948-11-01,42.4,43.2,44.0,48.9,28.0,42.6,,51.0,,,,,,,,,,,,,,
1948-12-01,35.0,34.5,39.0,42.1,17.7,37.0,,47.5,,,,,,,,,,,,,,
1949-01-01,32.9,31.4,34.1,42.0,16.6,36.6,,39.6,,,,,,,,,,,,,,
1949-02-01,31.3,34.2,28.3,39.6,13.1,34.9,,31.3,,,,,,,,,,,,,,
1949-03-01,34.5,42.1,31.1,41.9,12.4,33.3,,31.8,,,,,,,,,,,,,,
1949-04-01,35.5,42.3,31.6,44.1,16.2,27.9,,13.8,,,,,,,,,,,,,,
1949-05-01,32.6,41.1,29.0,38.2,15.5,25.5,,20.1,,,,,,,,,,,,,,
1949-06-01,31.6,39.8,27.2,38.4,15.0,24.1,,10.6,,,,,,,,,,,,,,
1949-07-01,39.0,49.1,34.8,47.0,22.4,21.5,,28.8,,,,,,,,,,,,,,
1949-08-01,47.0,55.7,40.0,58.5,33.0,26.8,,42.7,,,,,,,,,,,,,,
1949-09-01,52.3,58.0,51.4,60.3,39.9,35.8,,47.5,,,,,,,,,,,,,,
1949-10-01,51.0,58.9,43.7,54.5,46.1,40.6,,42.1,,,,,,,,,,,,,,
1949-11-01,51.0,58.7,42.9,55.7,51.5,31.3,,51.1,,,,,,,,,,,,,,
1949-12-01,57.3,53.1,52.6,63.3,52.2,41.7,,49.9,,,,,,,,,,,,,,
1950-01-01,59.1,62.3,57.7,64.3,56.3,43.6,,62.4,,,,,,,,,,,,,,
1950-02-01,60.5,62.5,51.1,66.7,68.0,46.4,,70.9,,,,,,,,,,,,,,
1950-03-01,62.1,61.8,56.9,65.8,72.0,48.8,,77.0,,,,,,,,,,,,,,
1950-04-01,68.1,71.0,63.4,74.8,68.8,50.6,,80.2,,,,,,,,,,,,,,
1950-05-01,74.7,76.6,69.8,78.1,82.9,58.2,,98.2,,,,,,,,,,,,,,
1950-06-01,76.6,82.6,71.9,79.1,76.5,62.1,,100.0,,,,,,,,,,,,,,
1950-07-01,77.5,80.3,72.5,77.1,89.4,62.7,,90.7,,,,,,,,,,,,,,
1950-08-01,75.8,77.1,72.3,78.7,81.7,62.3,,84.8,,,,,,,,,,,,,,
1950-09-01,68.1,66.4,72.2,68.6,73.7,55.2,,84.4,,,,,,,,,,,,,,
1950-10-01,59.2,49.0,65.6,62.9,70.3,50.6,,84.8,,,,,,,,,,,,,,
1950-11-01,63.1,57.2,66.7,63.6,79.1,48.3,,85.1,,,,,,,,,,,,,,
1950-12-01,67.1,67.7,65.1,62.5,87.5,49.7,,91.1,,,,,,,,,,,,,,
1951-01-01,67.8,67.9,67.8,63.0,88.7,48.0,,85.1,,,,,,,,,,,,,,
1951-02-01,69.3,70.0,73.7,61.4,93.3,42.1,,86.5,,,,,,,,,,,,,,
1951-03-01,65.5,61.0,72.0,61.2,85.1,47.4,,76.6,,,,,,,,,,,,,,
1951-04-01,53.5,42.3,61.9,53.5,65.7,51.8,,68.5,,,,,,,,,,,,,,
1951-05-01,50.7,45.2,58.8,54.2,45.0,51.2,,63.6,,,,,,,,,,,,,,
1951-06-01,45.5,39.1,56.4,48.6,36.7,48.4,,52.1,,,,,,,,,,,,,,
1951-07-01,42.1,38.2,53.2,41.6,32.2,47.8,,46.4,,,,,,,,,,,,,,
1951-08-01,43.6,38.5,51.7,48.4,32.0,46.7,,43.2,,,,,,,,,,,,,,
1951-09-01,48.1,48.2,48.6,50.2,46.4,43.8,,45.7,,,,,,,,,,,,,,
1951-10-01,49.6,51.7,51.1,50.3,47.2,42.0,,54.4,,,,,,,,,,,,,,
1951-11-01,47.2,49.3,50.2,50.9,34.9,44.5,,55.6,,,,,,,,,,,,,,
1951-12-01,46.5,45.3,51.8,52.8,33.6,42.6,,56.6,,,,,,,,,,,,,,
1952-01-01,44.7,46.8,46.9,49.5,31.3,42.5,,51.8,,,,,,,,,,,,,,
1952-02-01,41.8,42.3,44.8,49.9,24.9,39.3,,52.7,,,,,,,,,,,,,,
1952-03-01,40.0,43.7,41.8,48.7,18.8,35.6,,44.7,,,,,,,,,,,,,,
1952-04-01,36.7,35.8,43.3,43.5,19.4,35.4,,42.6,,,,,,,,,,,,,,
1952-05-01,39.5,43.9,42.7,45.7,22.4,30.3,,38.8,,,,,,,,,,,,,,
1952-06-01,43.3,46.3,43.5,49.5,33.0,33.8,,40.4,,,,,,,,,,,,,,
1952-07-01,48.3,69.4,39.5,37.2,47.4,31.6,,60.1,,,,,,,,,,,,,,
1952-08-01,60.4,58.5,63.1,84.0,41.2,30.5,,54.7,,,,,,,,,,,,,,
1952-09-01,56.1,60.3,56.2,66.0,42.7,38.6,,57.9,,,,,,,,,,,,,,
1952-10-01,56.2,59.9,57.8,65.3,43.3,38.2,,54.1,,,,,,,,,,,,,,
1952-11-01,56.8,58.8,60.9,65.0,45.0,39.9,,49.7,,,,,,,,,,,,,,
1952-12-01,55.8,60.4,55.6,64.3,43.5,40.0,,48.2,,,,,,,,,,,,,,
1953-01-01,59.4,64.6,61.5,69.8,41.5,40.9,,45.1,,,,,,,,,,,,,,
1953-02-01,55.4,56.0,61.7,62.4,41.8,44.3,,54.5,,,,,,,,,,,,,,
1953-03-01,50.5,47.2,59.4,54.0,41.8,46.4,,73.3,,,,,,,,,,,,,,
1953-04-01,51.1,52.0,55.0,57.3,38.6,43.8,,69.3,,,,,,,,,,,,,,
1953-05-01,48.9,49.3,52.3,57.1,35.1,41.2,,72.3,,,,,,,,,,,,,,
1953-06-01,48.5,48.3,53.8,55.2,33.3,44.6,,69.7,,,,,,,,,,,,,,
1953-07-01,46.3,44.2,54.4,53.1,28.5,45.6,,62.0,,,,,,,,,,,,,,
1953-08-01,43.5,42.1,48.1,50.7,26.5,46.2,,55.8,,,,,,,,,,,,,,
1953-09-01,40.2,39.9,43.8,46.8,23.2,43.3,,43.8,,,,,,,,,,,,,,
1953-10-01,37.4,38.0,37.9,44.6,20.7,41.3,,45.1,,,,,,,,,,,,,,
1953-11-01,36.9,40.9,35.8,43.4,20.2,35.5,,47.0,,,,,,,,,,,,,,
1953-12-01,35.6,37.5,36.6,41.3,21.8,34.2,,47.7,,,,,,,,,,,,,,
1954-01-01,37.4,42.9,31.5,45.0,23.6,34.2,,40.5,,,,,,,,,,,,,,
1954-02-01,40.7,50.3,34.8,46.0,26.9,30.9,,41.6,,,,,,,,,,,,,,
1954-03-01,44.7,54.7,40.2,51.5,28.0,31.6,,46.6,,,,,,,,,,,,,,
1954-04-01,47.7,58.4,42.4,55.4,30.3,33.2,,49.7,,,,,,,,,,,,,,
1954-05-01,50.1,60.2,44.5,56.3,34.3,39.1,,45.6,,,,,,,,,,,,,,
1954-06-01,52.1,64.6,45.2,59.4,35.8,34.4,,52.5,,,,,,,,,,,,,,
1954-07-01,51.7,63.8,44.4,57.4,38.1,35.7,,53.8,,,,,,,,,,,,,,
1954-08-01,54.4,56.6,37.7,56.2,36.4,37.7,,41.7,,,,,,,,,,,,,,
1954-09-01,53.5,62.2,49.7,57.0,43.6,40.8,,53.0,,,,,,,,,,,,,,
1954-10-01,58.2,66.7,55.8,62.4,49.5,40.5,,57.6,,,,,,,,,,,,,,
1954-11-01,58.8,66.0,55.1,63.0,51.9,44.7,,57.8,,,,,,,,,,,,,,
1954-12-01,63.8,73.6,55.8,70.5,54.5,47.1,,59.1,,,,,,,,,,,,,,
1955-01-01,63.0,66.8,59.0,69.1,60.6,48.0,,66.7,,,,,,,,,,,,,,
1955-02-01,67.8,73.9,63.4,70.9,67.2,51.3,,82.0,,,,,,,,,,,,,,
1955-03-01,67.5,71.5,63.0,71.0,68.5,54.4,,69.8,,,,,,,,,,,,,,
1955-04-01,68.7,70.9,63.9,73.8,71.9,54.2,,75.2,,,,,,,,,,,,,,
1955-05-01,69.5,72.9,66.2,73.5,68.7,56.6,,81.0,,,,,,,,,,,,,,
1955-06-01,63.3,60.9,61.2,65.5,65.7,65.2,,75.9,,,,,,,,,,,,,,
1955-07-01,66.2,67.1,60.9,72.1,67.0,58.4,,80.4,,,,,,,,,,,,,,
1955-08-01,64.8,70.4,59.2,67.1,64.3,54.2,,79.5,,,,,,,,,,,,,,
1955-09-01,62.4,63.7,59.7,64.3,66.3,53.5,,82.2,,,,,,,,,,,,,,
1955-10-01,63.7,66.3,60.9,65.1,66.5,53.5,,80.5,,,,,,,,,,,,,,
1955-11-01,62.0,61.5,61.3,63.9,64.9,55.5,,77.3,,,,,,,,,,,,,,
1955-12-01,65.6,66.6,63.9,72.4,61.4,55.4,,80.0,,,,,,,,,,,,,,
1956-01-01,60.2,61.8,62.3,64.0,53.5,52.2,,82.7,,,,,,,,,,,,,,
1956-02-01,58.2,56.2,61.0,63.5,51.3,56.1,,83.5,,,,,,,,,,,,,,
1956-03-01,57.2,57.3,56.9,61.0,51.0,57.2,,87.7,,,,,,,,,,,,,,
1956-04-01,55.9,55.9,54.8,58.9,51.0,57.5,,87.5,,,,,,,,,,,,,,
1956-05-01,51.2,53.0,51.4,52.8,38.6,60.3,,81.7,,,,,,,,,,,,,,
1956-06-01,47.7,48.9,43.9,49.2,41.0,58.4,,65.7,,,,,,,,,,,,,,
1956-07-01,44.2,44.4,40.8,38.0,53.9,51.5,,74.7,,,,,,,,,,,,,,
1956-08-01,51.5,54.3,50.3,51.5,46.8,52.1,,76.3,,,,,,,,,,,,,,
1956-09-01,55.5,60.5,52.9,60.2,42.8,53.1,,79.5,,,,,,,,,,,,,,
1956-10-01,52.7,55.6,52.2,56.7,40.1,53.6,,78.1,,,,,,,,,,,,,,
1956-11-01,55.0,57.0,56.0,62.3,44.6,44.6,,80.1,,,,,,,,,,,,,,
1956-12-01,52.7,52.8,55.4,57.7,39.5,54.3,,78.9,,,,,,,,,,,,,,
1957-01-01,53.6,57.6,56.6,56.6,36.3,53.9,,87.1,,,,,,,,,,,,,,
1957-02-01,51.0,52.5,53.8,57.9,31.2,53.1,,76.9,,,,,,,,,,,,,,
1957-03-01,47.5,51.1,52.5,52.1,26.3,46.6,,65.3,,,,,,,,,,,,,,
1957-04-01,43.1,49.2,40.3,47.9,28.9,39.9,,59.2,,,,,,,,,,,,,,
1957-05-01,43.4,46.1,41.9,49.9,30.0,41.8,,57.4,,,,,,,,,,,,,,
1957-06-01,45.9,49.8,45.1,53.6,30.0,40.7,,62.9,,,,,,,,,,,,,,
1957-07-01,45.7,47.6,45.5,49.2,36.8,45.3,,78.7,,,,,,,,,,,,,,
1957-08-01,45.3,48.8,43.1,51.3,30.8,46.0,,65.7,,,,,,,,,,,,,,
1957-09-01,45.8,53.8,42.1,50.6,28.8,42.6,,63.0,,,,,,,,,,,,,,
1957-10-01,41.1,46.4,36.6,42.9,32.6,42.7,,60.5,,,,,,,,,,,,,,
1957-11-01,40.4,47.2,34.8,44.4,27.8,39.7,,54.8,,,,,,,,,,,,,,
1957-12-01,36.8,42.8,30.4,40.0,27.3,38.0,,55.5,,,,,,,,,,,,,,
1958-01-01,33.4,35.2,29.7,34.9,30.3,35.8,,50.8,,,,,,,,,,,,,,
1958-02-01,37.2,47.3,27.9,37.8,31.0,33.1,,46.5,,,,,,,,,,,,,,
1958-03-01,39.8,45.3,33.4,45.1,34.0,31.3,,47.6,,,,,,,,,,,,,,
1958-04-01,39.1,47.2,31.5,41.0,35.5,30.8,,42.5,,,,,,,,,,,,,,
1958-05-01,46.6,56.7,39.7,52.6,38.5,27.7,,45.8,,,,,,,,,,,,,,
1958-06-01,51.4,60.8,46.7,58.9,39.2,32.2,,49.6,,,,,,,,,,,,,,
1958-07-01,54.7,66.5,47.6,61.2,43.0,34.6,,52.3,,,,,,,,,,,,,,
1958-08-01,57.3,65.2,52.1,64.5,44.7,44.8,,65.2,,,,,,,,,,,,,,
1958-09-01,59.8,67.0,55.5,66.8,51.1,42.5,,62.6,,,,,,,,,,,,,,
1958-10-01,62.3,67.9,59.6,70.0,52.4,46.4,,73.3,,,,,,,,,,,,,,
1958-11-01,62.7,68.5,58.0,68.3,55.8,51.0,,66.3,,,,,,,,,,,,,,
1958-12-01,60.5,64.7,59.0,63.9,56.4,49.0,,63.2,,,,,,,,,,,,,,
1959-01-01,64.4,69.0,60.8,70.7,61.8,45.5,,59.1,,,,,,,,,,,,,,
1959-02-01,66.9,70.5,62.5,70.3,67.3,55.5,,66.6,,,,,,,,,,,,,,
1959-03-01,67.1,70.2,62.3,71.2,66.3,58.4,,68.9,,,,,,,,,,,,,,
1959-04-01,66.9,66.9,63.6,72.1,64.8,63.4,,63.6,,,,,,,,,,,,,,
1959-05-01,68.2,69.9,64.8,73.9,63.0,63.8,,65.1,,,,,,,,,,,,,,
1959-06-01,64.4,64.2,62.2,66.3,63.7,65.6,,69.5,,,,,,,,,,,,,,
1959-07-01,61.5,61.3,59.0,64.8,59.1,62.0,,63.9,,,,,,,,,,,,,,
1959-08-01,55.1,54.4,53.6,57.4,57.4,50.9,,57.6,,,,,,,,,,,,,,
1959-09-01,48.3,43.7,48.0,50.9,57.5,42.3,,61.6,,,,,,,,,,,,,,
1959-10-01,49.7,50.0,47.3,50.4,58.5,39.1,,63.1,,,,,,,,,,,,,,
1959-11-01,50.6,51.1,48.8,51.9,54.6,43.4,,65.1,,,,,,,,,,,,,,
1959-12-01,58.2,62.8,54.8,61.7,53.7,49.1,,63.6,,,,,,,,,,,,,,
1960-01-01,61.5,65.4,60.8,71.9,46.2,48.3,,63.8,,,,,,,,,,,,,,
1960-02-01,52.3,52.5,57.2,58.6,31.7,56.6,,60.9,,,,,,,,,,,,,,
1960-03-01,47.8,52.2,48.0,52.4,28.8,50.7,,57.3,,,,,,,,,,,,,,
1960-04-01,45.3,52.0,42.0,49.8,28.9,45.5,,60.4,,,,,,,,,,,,,,
1960-05-01,42.6,45.8,42.5,45.0,32.3,42.5,,57.0,,,,,,,,,,,,,,
1960-06-01,44.4,49.2,39.7,48.5,34.8,43.9,,52.6,,,,,,,,,,,,,,
1960-07-01,43.7,45.7,42.1,48.2,35.8,41.9,,49.9,,,,,,,,,,,,,,
1960-08-01,47.6,55.6,43.6,50.3,38.0,39.1,,50.6,,,,,,,,,,,,,,
1960-09-01,45.4,50.5,40.2,50.0,37.3,40.8,,48.4,,,,,,,,,,,,,,
1960-10-01,46.0,50.1,43.7,51.2,36.2,39.7,,45.0,,,,,,,,,,,,,,
1960-11-01,44.3,48.2,43.0,45.6,37.6,41.7,,46.9,,,,,,,,,,,,,,
1960-12-01,44.3,47.5,40.7,47.5,40.4,39.3,,46.6,,,,,,,,,,,,,,
1961-01-01,43.9,47.2,39.7,47.3,39.2,40.5,,49.1,,,,,,,,,,,,,,
1961-02-01,43.6,48.7,34.2,49.2,41.1,36.6,,50.3,,,,,,,,,,,,,,
1961-03-01,49.1,55.2,42.2,55.4,42.1,38.9,,50.2,,,,,,,,,,,,,,
1961-04-01,57.6,67.7,53.2,61.7,47.5,41.3,,51.8,,,,,,,,,,,,,,
1961-05-01,58.9,64.8,56.3,66.6,47.9,44.0,,55.0,,,,,,,,,,,,,,
1961-06-01,58.1,64.0,55.1,65.3,49.3,42.0,,50.0,,,,,,,,,,,,,,
1961-07-01,58.2,64.5,54.1,64.3,49.4,45.3,,50.9,,,,,,,,,,,,,,
1961-08-01,60.7,62.9,58.3,68.4,50.6,54.5,,52.2,,,,,,,,,,,,,,
1961-09-01,63.0,69.5,61.1,66.8,50.7,56.3,,53.9,,,,,,,,,,,,,,
1961-10-01,62.2,68.3,58.2,66.3,52.4,56.7,,55.5,,,,,,,,,,,,,,
1961-11-01,59.0,65.1,59.0,58.3,51.1,54.6,,51.9,,,,,,,,,,,,,,
1961-12-01,64.2,73.4,58.6,66.1,55.8,56.1,,56.3,,,,,,,,,,,,,,
1962-01-01,60.9,59.4,60.3,66.4,57.1,59.0,,57.1,,,,,,,,,,,,,,
1962-02-01,61.1,61.8,60.5,64.7,56.2,58.6,,54.7,,,,,,,,,,,,,,
1962-03-01,60.6,60.1,57.6,66.9,57.0,57.5,,56.8,,,,,,,,,,,,,,
1962-04-01,55.1,57.3,55.6,57.4,47.4,53.5,,53.6,,,,,,,,,,,,,,
1962-05-01,52.2,53.6,52.3,55.3,45.2,50.3,,52.0,,,,,,,,,,,,,,
1962-06-01,50.8,52.5,51.6,54.8,43.3,46.4,,51.7,,,,,,,,,,,,,,
1962-07-01,51.0,53.2,51.2,54.7,45.1,43.8,,51.6,,,,,,,,,,,,,,
1962-08-01,49.5,52.9,47.0,52.5,43.7,45.2,,47.7,,,,,,,,,,,,,,
1962-09-01,50.0,53.0,49.7,52.4,45.1,42.5,,45.4,,,,,,,,,,,,,,
1962-10-01,51.2,53.6,49.9,54.0,46.7,46.2,,43.9,,,,,,,,,,,,,,
1962-11-01,53.8,57.8,48.7,56.9,48.7,51.5,,47.1,,,,,,,,,,,,,,
1962-12-01,57.2,59.7,54.6,63.3,50.1,50.1,,47.3,,,,,,,,,,,,,,
1963-01-01,55.2,60.9,52.5,56.5,50.4,47.4,,48.5,,,,,,,,,,,,,,
1963-02-01,55.1,60.4,50.2,57.7,51.0,48.3,,51.7,,,,,,,,,,,,,,
1963-03-01,54.7,57.5,52.4,56.3,54.9,46.8,,47.5,,,,,,,,,,,,,,
1963-04-01,57.6,60.6,52.7,61.0,58.2,48.6,,55.0,,,,,,,,,,,,,,
1963-05-01,59.8,66.9,53.5,60.4,56.4,54.2,,67.1,,,,,,,,,,,,,,
1963-06-01,58.2,61.9,52.6,60.6,56.3,55.0,,58.7,,,,,,,,,,,,,,
1963-07-01,55.5,60.1,52.0,60.4,43.6,54.0,,61.0,,,,,,,,,,,,,,
1963-08-01,55.1,62.0,51.1,56.8,48.5,48.1,,59.8,,,,,,,,,,,,,,
1963-09-01,56.9,59.8,54.8,63.2,49.7,47.9,,57.8,,,,,,,,,,,,,,
1963-10-01,57.7,64.0,54.5,63.3,47.4,46.4,,76.9,,,,,,,,,,,,,,
1963-11-01,57.5,63.7,53.5,64.1,48.7,43.7,,66.2,,,,,,,,,,,,,,
1963-12-01,54.0,58.6,48.4,60.7,47.6,44.2,,64.4,,,,,,,,,,,,,,
1964-01-01,57.1,61.3,51.4,63.3,55.3,42.9,,60.0,,,,,,,,,,,,,,
1964-02-01,57.9,61.8,52.7,64.0,51.9,50.4,,60.1,,,,,,,,,,,,,,
1964-03-01,60.2,61.7,55.2,64.4,60.3,54.6,,60.6,,,,,,,,,,,,,,
1964-04-01,59.2,63.6,55.2,60.6,57.7,53.1,,65.4,,,,,,,,,,,,,,
1964-05-01,58.7,59.9,56.0,61.0,61.4,50.3,,60.3,,,,,,,,,,,,,,
1964-06-01,60.1,64.7,55.7,62.1,57.6,53.5,,58.9,,,,,,,,,,,,,,
1964-07-01,62.9,69.9,56.3,63.7,61.8,55.5,,60.9,,,,,,,,,,,,,,
1964-08-01,63.3,68.0,58.0,63.9,66.2,53.5,,61.7,,,,,,,,,,,,,,
1964-09-01,63.3,63.3,56.8,64.9,71.9,59.0,,64.8,,,,,,,,,,,,,,
1964-10-01,60.7,58.9,55.0,61.8,71.2,59.1,,68.8,,,,,,,,,,,,,,
1964-11-01,61.8,60.7,57.3,62.1,70.3,61.0,,68.5,,,,,,,,,,,,,,
1964-12-01,62.4,64.4,55.2,63.5,67.8,59.5,,69.6,,,,,,,,,,,,,,
1965-01-01,61.0,62.3,56.7,58.2,68.5,61.4,,70.7,,,,,,,,,,,,,,
1965-02-01,62.1,63.2,58.3,59.8,68.1,63.2,,64.8,,,,,,,,,,,,,,
1965-03-01,64.9,68.7,61.2,65.7,65.9,57.8,,64.5,,,,,,,,,,,,,,
1965-04-01,62.0,59.8,59.2,62.6,69.4,61.9,,68.7,,,,,,,,,,,,,,
1965-05-01,61.3,60.2,56.4,62.4,68.9,60.6,,70.0,,,,,,,,,,,,,,
1965-06-01,58.7,57.4,55.4,57.5,69.3,55.8,,73.2,,,,,,,,,,,,,,
1965-07-01,58.1,56.6,56.2,59.0,65.1,53.8,,71.8,,,,,,,,,,,,,,
1965-08-01,58.1,56.0,58.0,56.6,65.4,57.2,,70.5,,,,,,,,,,,,,,
1965-09-01,61.0,63.6,56.2,63.8,61.2,55.7,,66.3,,,,,,,,,,,,,,
1965-10-01,58.6,62.0,56.9,60.5,59.1,46.5,,68.6,,,,,,,,,,,,,,
1965-11-01,59.4,61.9,54.7,60.9,65.1,48.7,,70.6,,,,,,,,,,,,,,
1965-12-01,62.8,62.9,60.2,64.4,73.5,47.4,,67.0,,,,,,,,,,,,,,
1966-01-01,65.8,66.5,62.6,68.4,74.9,49.7,,75.9,,,,,,,,,,,,,,
1966-02-01,65.5,66.1,61.2,66.1,80.1,48.7,,80.9,,,,,,,,,,,,,,
1966-03-01,65.7,64.3,61.5,63.8,86.4,52.3,,85.7,,,,,,,,,,,,,,
1966-04-01,64.2,64.3,59.9,63.1,79.3,53.0,,83.9,,,,,,,,,,,,,,
1966-05-01,57.7,52.7,57.0,55.5,74.6,53.8,,83.3,,,,,,,,,,,,,,
1966-06-01,59.0,55.9,58.8,57.6,71.6,53.3,,81.5,,,,,,,,,,,,,,
1966-07-01,60.3,56.3,58.9,59.3,73.1,57.9,,79.7,,,,,,,,,,,,,,
1966-08-01,58.5,53.3,56.4,57.7,74.3,57.0,,79.5,,,,,,,,,,,,,,
1966-09-01,58.7,55.2,56.5,57.9,72.4,54.8,,73.7,,,,,,,,,,,,,,
1966-10-01,57.2,51.6,56.9,57.0,68.7,58.2,,70.3,,,,,,,,,,,,,,
1966-11-01,53.7,46.8,55.6,54.2,62.6,55.6,,71.9,,,,,,,,,,,,,,
1966-12-01,52.4,48.8,50.7,54.1,57.9,53.7,,67.6,,,,,,,,,,,,,,
1967-01-01,49.1,46.2,48.3,54.1,48.2,48.2,,72.9,,,,,,,,,,,,,,
1967-02-01,47.6,45.1,47.6,50.4,49.9,45.3,,61.8,,,,,,,,,,,,,,
1967-03-01,45.3,45.3,46.3,48.7,38.0,45.6,,54.0,,,,,,,,,,,,,,
1967-04-01,42.8,46.4,41.8,44.3,36.9,39.4,,56.3,,,,,,,,,,,,,,
1967-05-01,44.5,47.6,45.5,48.0,34.4,39.7,,56.1,,,,,,,,,,,,,,
1967-06-01,46.8,51.8,45.8,50.7,36.5,39.6,,58.4,,,,,,,,,,,,,,
1967-07-01,49.5,53.7,50.2,53.4,40.9,38.1,,63.9,,,,,,,,,,,,,,
1967-08-01,52.2,55.4,52.9,56.4,44.8,41.7,,67.5,,,,,,,,,,,,,,
1967-09-01,54.9,62.0,51.6,57.4,46.5,46.8,,75.2,,,,,,,,,,,,,,
1967-10-01,54.1,55.8,52.4,57.7,51.1,48.0,,78.7,,,,,,,,,,,,,,
1967-11-01,54.2,57.0,51.5,58.6,51.4,44.4,,83.8,,,,,,,,,,,,,,
1967-12-01,55.6,59.4,51.5,58.7,49.9,53.8,,79.6,,,,,,,,,,,,,,
1968-01-01,56.6,60.1,53.2,59.3,50.6,54.8,,78.0,,,,,,,,,,,,,,
1968-02-01,55.0,56.6,50.3,58.1,53.9,53.7,,76.3,,,,,,,,,,,,,,
1968-03-01,53.8,55.7,50.1,55.8,54.0,50.7,,76.1,,,,,,,,,,,,,,
1968-04-01,58.0,64.5,53.5,60.1,49.0,54.9,,71.5,,,,,,,,,,,,,,
1968-05-01,55.3,56.2,53.1,60.0,49.4,54.0,,69.2,,,,,,,,,,,,,,
1968-06-01,53.5,54.3,52.6,54.9,49.9,55.0,,70.4,,,,,,,,,,,,,,
1968-07-01,54.1,54.5,48.2,56.5,55.9,55.8,,67.1,,,,,,,,,,,,,,
1968-08-01,52.7,53.8,49.5,56.1,47.8,54.2,,74.3,,,,,,,,,,,,,,
1968-09-01,51.8,55.4,47.1,57.0,48.4,42.4,,72.4,,,,,,,,,,,,,,
1968-10-01,55.8,58.5,52.6,61.1,53.3,44.3,,70.8,,,,,,,,,,,,,,
1968-11-01,58.1,61.3,56.4,59.8,61.0,43.5,,69.5,,,,,,,,,,,,,,
1968-12-01,56.1,56.7,52.8,60.6,58.3,46.3,,76.8,,,,,,,,,,,,,,
1969-01-01,54.9,54.4,51.9,57.1,63.6,44.2,,77.1,,,,,,,,,,,,,,
1969-02-01,57.0,57.9,56.1,59.1,60.1,46.3,,79.6,,,,,,,,,,,,,,
1969-03-01,57.1,59.3,53.8,58.8,60.5,47.6,,79.4,,,,,,,,,,,,,,
1969-04-01,55.2,54.4,52.7,55.1,63.9,49.2,,78.8,,,,,,,,,,,,,,
1969-05-01,56.7,57.6,52.8,56.3,64.9,50.7,,79.3,,,,,,,,,,,,,,
1969-06-01,55.5,52.7,53.1,56.9,67.0,47.8,,80.9,,,,,,,,,,,,,,
1969-07-01,53.1,49.8,53.0,51.2,65.7,49.3,,80.9,,,,,,,,,,,,,,
1969-08-01,54.8,51.5,51.2,54.1,70.3,50.9,,84.4,,,,,,,,,,,,,,
1969-09-01,54.1,50.4,50.3,54.8,68.9,49.4,,83.2,,,,,,,,,,,,,,
1969-10-01,54.6,51.9,51.3,53.2,66.8,54.2,,85.3,,,,,,,,,,,,,,
1969-11-01,53.2,50.6,50.4,51.2,64.1,55.6,,81.8,,,,,,,,,,,,,,
1969-12-01,52.0,48.0,49.6,50.3,66.8,51.5,,82.2,,,,,,,,,,,,,,
1970-01-01,48.7,45.8,46.3,48.1,57.9,50.2,,80.6,,,,,,,,,,,,,,
1970-02-01,47.4,45.8,43.3,45.9,57.7,48.6,,74.5,,,,,,,,,,,,,,
1970-03-01,46.9,45.2,44.8,47.3,49.3,51.4,,67.8,,,,,,,,,,,,,,
1970-04-01,45.0,45.7,40.7,45.5,48.7,44.3,,75.1,,,,,,,,,,,,,,
1970-05-01,47.2,45.3,40.8,45.2,67.2,40.4,,78.3,,,,,,,,,,,,,,
1970-06-01,51.1,53.2,41.4,49.7,66.1,45.3,,73.8,,,,,,,,,,,,,,
1970-07-01,49.5,52.5,40.6,54.5,49.8,45.4,,72.4,,,,,,,,,,,,,,
1970-08-01,47.3,51.8,40.1,49.7,46.1,43.8,,68.6,,,,,,,,,,,,,,
1970-09-01,44.1,44.2,39.5,45.1,46.5,47.2,,70.6,,,,,,,,,,,,,,
1970-10-01,42.4,44.7,37.6,44.1,39.0,45.7,,67.8,,,,,,,,,,,,,,
1970-11-01,39.7,43.3,33.8,38.5,37.8,46.3,,68.1,,,,,,,,,,,,,,
1970-12-01,45.4,51.2,41.4,46.8,37.5,44.4,,64.5,,,,,,,,,,,,,,
1971-01-01,47.9,55.4,40.0,50.5,39.8,47.4,,65.1,,,,,,,,,,,,,,
1971-02-01,54.8,62.8,47.7,60.0,44.2,48.0,,64.6,,,,,,,,,,,,,,
1971-03-01,51.2,56.2,44.3,54.4,45.0,51.2,,67.0,,,,,,,,,,,,,,
1971-04-01,54.5,59.6,45.7,58.1,48.9,55.5,,70.8,,,,,,,,,,,,,,
1971-05-01,54.2,57.0,47.4,58.9,49.4,55.1,,71.6,,,,,,,,,,,,,,
1971-06-01,53.8,57.9,47.5,55.4,47.9,59.0,,78.1,,,,,,,,,,,,,,
1971-07-01,54.4,57.8,49.5,56.8,47.4,58.9,,72.6,,,,,,,,,,,,,,
1971-08-01,53.6,58.4,48.4,55.6,49.7,50.9,,72.4,,,,,,,,,,,,,,
1971-09-01,55.1,61.0,53.0,59.3,48.9,40.2,,52.3,,,,,,,,,,,,,,
1971-10-01,55.0,61.4,49.8,60.8,50.9,38.1,,51.7,,,,,,,,,,,,,,
1971-11-01,52.3,55.4,49.3,56.1,50.9,41.6,,53.9,,,,,,,,,,,,,,
1971-12-01,57.6,63.5,49.0,63.9,53.3,47.7,,65.1,,,,,,,,,,,,,,
1972-01-01,59.6,64.8,53.3,65.6,55.2,48.4,,79.3,,,,,,,,,,,,,,
1972-02-01,60.6,66.0,54.4,67.7,52.6,51.7,,74.1,,,,,,,,,,,,,,
1972-03-01,59.8,64.6,53.9,63.5,57.1,51.5,,73.9,,,,,,,,,,,,,,
1972-04-01,59.3,63.0,55.9,62.6,55.0,52.3,,73.4,,,,,,,,,,,,,,
1972-05-01,61.4,66.9,56.0,65.7,56.1,53.1,,71.4,,,,,,,,,,,,,,
1972-06-01,58.6,62.1,53.9,62.2,57.7,49.6,,70.2,,,,,,,,,,,,,,
1972-07-01,60.1,64.7,52.1,65.3,61.7,46.7,,70.6,,,,,,,,,,,,,,
1972-08-01,61.7,65.1,57.1,63.2,62.9,55.5,,70.1,,,,,,,,,,,,,,
1972-09-01,65.1,69.3,58.6,68.3,65.5,56.8,,67.8,,,,,,,,,,,,,,
1972-10-01,67.0,70.8,59.0,66.9,73.0,63.0,,72.0,,,,,,,,,,,,,,
1972-11-01,69.9,73.0,61.7,72.7,74.5,63.4,,74.5,,,,,,,,,,,,,,
1972-12-01,70.5,71.9,63.2,71.8,80.7,62.5,,78.0,,,,,,,,,,,,,,
1973-01-01,72.1,73.8,67.8,71.1,83.7,61.0,,82.9,,,,,,,,,,,,,,
1973-02-01,69.6,69.0,63.2,68.5,85.2,63.6,,87.8,,,,,,,,,,,,,,
1973-03-01,69.6,68.8,63.6,67.7,87.5,61.9,,90.0,,,,,,,,,,,,,,
1973-04-01,67.7,65.9,62.6,65.6,86.7,59.2,,88.3,,,,,,,,,,,,,,
1973-05-01,64.8,63.5,60.2,59.2,86.6,59.2,,89.3,,,,,,,,,,,,,,
1973-06-01,65.0,61.0,59.7,62.7,85.6,62.5,,87.6,,,,,,,,,,,,,,
1973-07-01,57.8,49.2,56.4,50.4,85.2,64.0,,69.6,,,,,,,,,,,,,,
1973-08-01,62.7,59.1,54.9,59.0,86.7,62.1,,86.1,,,,,,,,,,,,,,
1973-09-01,63.5,60.0,56.1,58.2,90.1,62.3,,92.1,,,,,,,,,,,,,,
1973-10-01,66.2,65.4,60.4,58.4,88.7,66.5,,92.9,,,,,,,,,,,,,,
1973-11-01,68.1,65.2,60.8,62.0,96.8,63.8,,97.6,,,,,,,,,,,,,,
1973-12-01,63.6,59.0,58.0,56.0,92.8,63.8,,94.2,,,,,,,,,,,,,,
1974-01-01,62.1,55.7,57.3,55.9,91.8,62.0,,95.3,,,,,,,,,,,,,,
1974-02-01,58.6,56.0,51.0,49.7,88.8,58.8,,93.6,,,,,,,,,,,,,,
1974-03-01,61.8,58.0,56.3,55.8,88.9,59.1,,94.0,,,,,,,,,,,,,,
1974-04-01,59.9,56.4,53.9,54.5,82.1,62.5,,93.5,,,,,,,,,,,,,,
1974-05-01,55.7,51.6,51.1,51.6,74.5,59.3,,92.3,,,,,,,,,,,,,,
1974-06-01,54.7,51.9,49.9,50.4,73.1,55.9,,88.6,,,,,,,,,,,,,,
1974-07-01,54.8,52.6,50.3,52.0,69.2,54.8,,90.4,,,,,,,,,,,,,,
1974-08-01,52.9,50.2,49.2,49.6,66.3,57.0,,86.1,,,,,,,,,,,,,,
1974-09-01,46.2,41.2,44.9,46.3,51.8,54.8,,81.0,,,,,,,,,,,,,,
1974-10-01,42.7,36.5,45.4,44.3,45.3,47.9,,75.7,,,,,,,,,,,,,,
1974-11-01,37.9,33.1,39.6,40.9,34.0,47.2,,71.0,,,,,,,,,,,,,,
1974-12-01,30.9,27.9,33.3,33.4,23.2,40.6,,64.7,,,,,,,,,,,,,,
1975-01-01,30.7,32.8,29.7,33.4,19.5,36.6,,54.1,,,,,,,,,,,,,,
1975-02-01,34.4,40.0,33.1,41.5,15.9,30.6,,48.8,,,,,,,,,,,,,,
1975-03-01,31.6,37.0,32.8,33.1,17.3,30.9,,42.7,,,,,,,,,,,,,,
1975-04-01,37.5,42.6,36.9,45.5,21.7,26.9,,42.6,,,,,,,,,,,,,,
1975-05-01,41.2,47.2,39.6,50.5,22.7,31.0,,45.4,,,,,,,,,,,,,,
1975-06-01,45.1,54.9,43.9,53.1,24.9,28.7,,44.0,,,,,,,,,,,,,,
1975-07-01,47.2,58.4,44.3,55.8,28.7,24.6,,53.0,,,,,,,,,,,,,,
1975-08-01,51.4,60.3,49.7,61.1,35.1,28.1,,68.8,,,,,,,,,,,,,,
1975-09-01,54.4,60.4,53.5,62.3,43.8,34.2,,73.6,,,,,,,,,,,,,,
1975-10-01,55.5,64.2,48.9,62.3,44.8,41.9,,75.3,,,,,,,,,,,,,,
1975-11-01,54.5,62.2,49.8,60.0,46.8,38.8,,70.8,,,,,,,,,,,,,,
1975-12-01,54.9,63.1,50.8,62.4,41.2,40.2,,64.4,,,,,,,,,,,,,,
1976-01-01,58.8,63.8,53.1,65.6,54.0,45.3,,70.2,,,,,,,,,,,,,,
1976-02-01,61.5,68.7,57.3,64.8,56.1,48.2,,73.2,,,,,,,,,,,,,,
1976-03-01,58.4,61.6,54.9,63.3,56.7,46.7,,74.3,,,,,,,,,,,,,,
1976-04-01,60.6,65.2,56.4,64.1,57.3,51.4,,75.9,,,,,,,,,,,,,,
1976-05-01,58.8,62.3,55.4,60.5,58.3,51.6,,78.0,,,,,,,,,,,,,,
1976-06-01,58.2,60.6,54.3,60.5,58.6,52.6,,80.1,,,,,,,,,,,,,,
1976-07-01,55.9,58.0,55.1,56.7,54.0,50.5,,84.2,,,,,,,,,,,,,,
1976-08-01,54.5,57.7,52.1,52.9,55.2,52.4,,73.3,,,,,,,,,,,,,,
1976-09-01,53.6,55.3,54.2,53.2,52.6,49.5,,70.6,,,,,,,,,,,,,,
1976-10-01,53.5,57.0,50.2,56.1,49.0,50.0,,67.1,,,,,,,,,,,,,,
1976-11-01,51.7,55.7,50.5,54.4,47.2,42.4,,69.7,,,,,,,,,,,,,,
1976-12-01,56.6,58.9,53.8,59.6,53.3,52.8,,75.8,,,,,,,,,,,,,,
1977-01-01,54.8,57.2,49.9,56.9,55.3,51.4,,78.4,,,,,,,,,,,,,,
1977-02-01,55.0,56.8,51.5,50.8,65.1,51.9,,76.8,,,,,,,,,,,,,,
1977-03-01,58.4,63.5,54.3,62.5,49.6,54.7,,80.9,,,,,,,,,,,,,,
1977-04-01,56.9,60.3,51.9,59.2,54.6,54.4,,78.8,,,,,,,,,,,,,,
1977-05-01,59.7,64.5,54.8,63.0,55.4,53.2,,75.7,,,,,,,,,,,,,,
1977-06-01,56.8,58.1,52.5,62.5,53.3,52.6,,71.9,,,,,,,,,,,,,,
1977-07-01,57.7,58.9,54.5,60.6,58.3,52.0,,69.0,,,,,,,,,,,,,,
1977-08-01,54.9,58.8,53.6,53.9,53.5,50.0,,70.4,,,,,,,,,,,,,,
1977-09-01,53.9,57.0,50.4,54.9,56.7,44.8,,65.4,,,,,,,,,,,,,,
1977-10-01,55.4,57.1,56.0,57.0,53.6,47.9,,64.5,,,,,,,,,,,,,,
1977-11-01,56.1,59.2,51.8,58.7,56.3,48.0,,62.0,,,,,,,,,,,,,,
1977-12-01,59.8,60.7,59.8,64.7,57.1,48.9,,67.2,,,,,,,,,,,,,,
1978-01-01,57.4,60.6,55.1,57.7,55.6,54.0,,71.1,,,,,,,,,,,,,,
1978-02-01,55.9,56.2,52.8,54.6,63.4,54.0,,74.4,,,,,,,,,,,,,,
1978-03-01,55.0,56.6,52.9,57.0,58.9,44.0,,72.3,,,,,,,,,,,,,,
1978-04-01,57.7,60.2,53.8,60.3,57.1,52.4,,78.7,,,,,,,,,,,,,,
1978-05-01,60.2,63.9,57.0,62.3,57.4,54.5,,81.8,,,,,,,,,,,,,,
1978-06-01,60.5,63.6,57.2,61.7,61.1,54.2,,82.3,,,,,,,,,,,,,,
1978-07-01,62.2,64.7,58.8,65.1,59.4,57.7,,83.0,,,,,,,,,,,,,,
1978-08-01,60.3,61.3,55.3,64.9,60.6,55.4,,85.4,,,,,,,,,,,,,,
1978-09-01,60.5,61.3,57.2,65.0,60.0,54.5,,86.8,,,,,,,,,,,,,,
1978-10-01,60.1,58.8,57.9,62.0,64.7,56.1,,86.8,,,,,,,,,,,,,,
1978-11-01,61.3,61.9,60.4,61.3,64.5,56.7,,84.1,,,,,,,,,,,,,,
1978-12-01,59.4,59.9,56.9,60.4,63.5,53.9,,84.5,,,,,,,,,,,,,,
1979-01-01,58.5,57.3,57.3,58.8,66.4,52.3,,85.8,,,,,,,,,,,,,,
1979-02-01,58.2,58.6,55.6,59.0,64.0,51.4,,86.5,,,,,,,,,,,,,,
1979-03-01,57.7,56.7,54.8,57.4,66.7,54.1,,87.7,,,,,,,,,,,,,,
1979-04-01,56.2,55.1,46.9,55.5,75.6,50.9,,86.3,,,,,,,,,,,,,,
1979-05-01,54.4,52.1,54.5,52.1,63.7,53.3,,86.9,,,,,,,,,,,,,,
1979-06-01,52.7,49.4,53.8,50.2,61.4,53.8,,88.7,,,,,,,,,,,,,,
1979-07-01,51.3,49.8,50.2,49.4,57.4,53.6,,93.1,,,,,,,,,,,,,,
1979-08-01,49.5,46.9,50.5,49.0,52.9,51.6,,85.6,,,,,,,,,,,,,,
1979-09-01,49.6,48.7,50.3,48.3,50.7,52.3,,85.0,,,,,,,,,,,,,,
1979-10-01,49.0,47.3,54.6,49.0,46.9,46.0,,85.6,,,,,,,,,,,,,,
1979-11-01,48.0,46.5,47.3,52.6,46.8,44.3,,89.2,,,,,,,,,,,,,,
1979-12-01,44.8,44.3,44.1,48.2,42.2,43.5,,84.4,,,,,,,,,,,,,,
1980-01-01,46.2,47.1,46.2,48.4,42.1,44.5,,83.0,,,,,,,,,,,,,,
1980-02-01,50.2,51.6,49.7,53.1,46.0,46.5,,84.5,,,,,,,,,,,,,,
1980-03-01,43.6,43.8,43.2,46.7,39.1,43.0,,84.0,,,,,,,,,,,,,,
1980-04-01,37.4,32.0,41.2,37.9,36.9,45.3,,77.5,,,,,,,,,,,,,,
1980-05-01,29.4,25.6,34.3,28.1,29.8,33.3,,70.8,,,,,,,,,,,,,,
1980-06-01,30.3,24.2,32.8,31.5,32.4,37.3,,63.4,,,,,,,,,,,,,,
1980-07-01,35.0,36.1,35.0,35.1,36.3,29.5,,59.3,,,,,,,,,,,,,,
1980-08-01,45.5,54.1,38.7,46.9,40.1,37.6,,67.0,,,,,,,,,,,,,,
1980-09-01,50.1,53.9,47.0,55.1,41.2,45.3,,68.0,,,,,,,,,,,,,,
1980-10-01,55.5,63.7,49.4,60.7,46.5,43.9,,75.2,,,,,,,,,,,,,,
1980-11-01,58.2,65.3,53.3,66.8,46.8,42.2,,76.7,,,,,,,,,,,,,,
1980-12-01,53.0,51.2,53.2,57.2,50.1,51.4,,74.6,,,,,,,,,,,,,,
1981-01-01,49.2,48.7,48.7,51.8,49.7,44.6,,76.3,,,,,,,,,,,,,,
1981-02-01,48.8,51.1,46.3,50.9,48.5,42.1,,70.9,,,,,,,,,,,,,,
1981-03-01,49.6,50.2,48.1,52.8,48.7,44.7,,72.6,,,,,,,,,,,,,,
1981-04-01,51.6,53.1,49.2,55.0,51.2,44.4,,70.2,,,,,,,,,,,,,,
1981-05-01,53.5,55.7,48.3,59.0,50.2,48.7,,66.2,,,,,,,,,,,,,,
1981-06-01,50.7,51.0,48.8,53.9,47.9,49.4,,70.8,,,,,,,,,,,,,,
1981-07-01,46.7,47.6,46.6,47.6,44.9,44.4,,66.9,,,,,,,,,,,,,,
1981-08-01,48.3,47.2,47.8,49.5,49.6,47.3,,65.6,,,,,,,,,,,,,,
1981-09-01,42.5,42.2,39.2,43.8,45.9,41.9,,65.8,,,,,,,,,,,,,,
1981-10-01,40.0,40.2,37.9,39.4,37.7,48.9,,57.5,,,,,,,,,,,,,,
1981-11-01,36.1,32.8,34.8,36.1,40.5,42.3,,58.4,,,,,,,,,,,,,,
1981-12-01,37.8,39.1,34.0,37.3,41.2,37.2,,54.7,,,,,,,,,,,,,,
1982-01-01,38.2,39.9,34.5,39.0,40.1,35.8,,48.8,,,,,,,,,,,,,,
1982-02-01,38.3,38.6,35.5,40.1,40.8,34.7,,45.3,,,,,,,,,,,,,,
1982-03-01,36.8,40.4,33.1,38.0,36.4,31.2,,35.4,,,,,,,,,,,,,,
1982-04-01,37.8,40.9,31.7,41.3,38.2,31.5,,35.7,,,,,,,,,,,,,,
1982-05-01,35.5,38.1,27.8,37.2,42.1,28.8,,41.4,,,,,,,,,,,,,,
1982-06-01,38.3,42.0,30.8,39.4,45.2,29.4,,39.6,,,,,,,,,,,,,,
1982-07-01,38.4,40.7,30.5,41.1,45.8,29.5,,40.8,,,,,,,,,,,,,,
1982-08-01,38.3,40.1,31.8,39.9,45.3,31.6,,39.2,,,,,,,,,,,,,,
1982-09-01,38.8,40.4,30.6,41.3,45.9,33.6,,41.2,,,,,,,,,,,,,,
1982-10-01,39.4,41.9,30.6,42.0,46.5,32.5,,41.0,,,,,,,,,,,,,,
1982-11-01,39.2,41.5,28.2,42.6,46.9,33.6,,37.3,,,,,,,,,,,,,,
1982-12-01,42.8,46.0,36.3,44.0,48.6,34.7,,39.1,,,,,,,,,,,,,,
1983-01-01,46.0,50.3,37.7,50.8,46.7,36.3,,43.7,,,,,,,,,,,,,,
1983-02-01,54.4,60.6,47.4,61.1,49.9,40.1,,48.7,,,,,,,,,,,,,,
1983-03-01,53.9,60.8,45.1,58.4,50.8,44.2,,47.9,,,,,,,,,,,,,,
1983-04-01,54.2,59.4,46.4,58.2,52.7,46.0,,55.6,,,,,,,,,,,,,,
1983-05-01,56.1,61.8,49.2,61.5,51.9,45.7,,60.3,,,,,,,,,,,,,,
1983-06-01,57.5,62.3,49.7,63.2,56.8,45.7,,61.5,,,,,,,,,,,,,,
1983-07-01,63.6,70.3,53.7,71.5,58.9,50.8,,63.2,,,,,,,,,,,,,,
1983-08-01,63.1,68.1,56.0,69.9,60.2,49.3,,69.4,,,,,,,,,,,,,,
1983-09-01,62.5,66.9,57.8,67.8,60.7,48.6,,68.0,,,,,,,,,,,,,,
1983-10-01,64.4,69.5,57.6,69.6,62.8,52.1,,69.3,,,,,,,,,,,,,,
1983-11-01,66.0,69.2,59.7,70.7,67.5,55.0,,68.1,,,,,,,,,,,,,,
1983-12-01,69.9,74.8,60.4,80.6,62.1,59.6,,71.4,,,,,,,,,,,,,,
1984-01-01,60.5,63.7,57.6,59.9,64.4,52.7,,64.4,,,,,,,,,,,,,,
1984-02-01,61.3,64.9,56.4,64.0,61.5,52.7,,71.1,,,,,,,,,,,,,,
1984-03-01,58.9,60.9,51.1,61.5,65.5,52.7,,73.6,,,,,,,,,,,,,,
1984-04-01,61.0,63.2,56.8,62.3,64.6,54.0,,71.9,,,,,,,,,,,,,,
1984-05-01,58.6,59.2,56.2,59.3,62.5,54.1,,62.5,,,,,,,,,,,,,,
1984-06-01,58.1,60.5,51.7,62.3,56.2,56.3,,64.0,,,,,,,,,,,,,,
1984-07-01,56.1,54.1,53.5,58.2,59.1,57.8,,61.3,,,,,,,,,,,,,,
1984-08-01,53.0,54.0,50.4,54.3,55.2,49.1,,58.7,,,,,,,,,,,,,,
1984-09-01,50.0,47.2,51.1,52.2,52.8,46.8,,53.4,,,,,,,,,,,,,,
1984-10-01,50.8,52.9,48.1,53.4,49.3,45.6,,51.7,,,,,,,,,,,,,,
1984-11-01,50.3,52.0,47.4,53.8,48.1,45.7,,55.0,,,,,,,,,,,,,,
1984-12-01,50.6,52.8,45.2,54.9,48.8,47.3,,50.7,,,,,,,,,,,,,,
1985-01-01,50.3,51.8,44.4,54.9,50.4,45.9,,47.6,,,,,,,,,,,,,,
1985-02-01,49.9,51.8,45.2,54.2,48.6,44.8,,44.8,,,,,,,,,,,,,,
1985-03-01,47.8,49.1,44.2,51.2,46.7,44.0,,46.2,,,,,,,,,,,,,,
1985-04-01,48.2,51.3,43.2,51.6,46.1,43.8,,44.1,,,,,,,,,,,,,,
1985-05-01,47.1,49.5,40.4,51.9,48.0,40.4,,48.7,,,,,,,,,,,,,,
1985-06-01,47.8,50.7,44.5,50.5,47.1,40.2,,42.4,,,,,,,,,,,,,,
1985-07-01,47.9,52.5,45.2,48.2,45.7,41.8,,45.6,,,,,,,,,,,,,,
1985-08-01,47.7,51.8,41.1,50.6,46.6,43.0,,44.0,,,,,,,,,,,,,,
1985-09-01,49.9,54.6,41.8,52.8,49.5,45.5,,44.3,,,,,,,,,,,,,,
1985-10-01,50.9,53.4,45.2,54.9,50.0,45.9,,46.4,,,,,,,,,,,,,,
1985-11-01,52.0,57.2,44.5,56.5,48.5,45.2,,45.7,,,,,,,,,,,,,,
1985-12-01,50.7,54.8,42.6,55.3,49.3,45.2,,48.7,,,,,,,,,,,,,,
1986-01-01,51.2,56.7,45.1,52.9,50.1,44.9,,48.4,,,,,,,,,,,,,,
1986-02-01,51.0,57.1,43.0,53.6,49.8,44.7,,49.7,,,,,,,,,,,,,,
1986-03-01,51.0,54.5,43.4,56.0,50.5,43.7,,49.0,,,,,,,,,,,,,,
1986-04-01,49.7,54.4,42.2,52.5,50.7,42.5,,42.8,,,,,,,,,,,,,,
1986-05-01,53.4,61.1,45.4,55.1,50.2,46.9,,49.5,,,,,,,,,,,,,,
1986-06-01,50.5,55.3,43.3,53.5,49.9,44.4,,51.3,,,,,,,,,,,,,,
1986-07-01,48.0,51.2,41.9,49.3,49.9,43.9,,49.3,,,,,,,,,,,,,,
1986-08-01,52.6,58.4,44.5,56.0,50.8,45.9,,51.5,,,,,,,,,,,,,,
1986-09-01,52.4,57.3,43.9,56.5,49.6,48.2,,57.1,,,,,,,,,,,,,,
1986-10-01,51.2,54.5,43.7,54.2,51.3,48.2,,56.9,,,,,,,,,,,,,,
1986-11-01,51.2,57.0,42.2,54.7,52.0,42.2,,57.1,,,,,,,,,,,,,,
1986-12-01,50.5,55.4,44.5,53.0,52.8,38.4,,57.0,,,,,,,,,,,,,,
1987-01-01,54.9,59.8,47.3,60.7,51.5,46.3,,61.1,,,,,,,,,,,,,,
1987-02-01,52.6,55.4,46.6,57.3,51.2,46.7,,62.5,,,,,,,,,,,,,,
1987-03-01,55.0,61.6,48.3,57.6,51.9,46.5,,62.7,,,,,,,,,,,,,,
1987-04-01,55.5,59.8,51.3,59.3,52.8,45.9,,65.6,,,,,,,,,,,,,,
1987-05-01,57.2,63.4,50.9,60.6,54.0,47.5,,67.6,,,,,,,,,,,,,,
1987-06-01,57.4,61.2,51.4,60.1,56.8,52.4,,72.6,,,,,,,,,,,,,,
1987-07-01,57.5,64.0,46.6,62.5,58.9,44.7,,74.3,,,,,,,,,,,,,,
1987-08-01,59.3,62.7,52.4,64.2,60.3,49.3,,77.4,,,,,,,,,,,,,,
1987-09-01,60.0,62.1,54.5,65.5,61.5,49.2,,77.3,,,,,,,,,,,,,,
1987-10-01,60.7,65.3,54.6,63.2,62.2,50.7,,78.1,,,,,,,,,,,,,,
1987-11-01,58.8,59.3,53.7,61.9,64.9,51.2,,79.2,,,,,,,,,,,,,,
1987-12-01,61.0,61.5,59.1,65.1,62.7,50.8,,80.2,,,,,,,,,,,,,,
1988-01-01,57.5,60.3,51.2,59.3,62.0,50.7,,78.7,,66.0,,,,,,,,,,,,
1988-02-01,56.2,57.0,52.5,58.6,61.2,48.1,,81.2,,65.7,,,,,,,,,,,,
1988-03-01,54.6,57.9,50.2,57.7,57.3,41.9,,74.5,,64.5,,,,,,,,,,,,
1988-04-01,55.8,57.6,49.2,59.1,58.6,51.0,,81.0,,64.0,,,,,,,,,,,,
1988-05-01,55.5,57.7,50.4,58.0,56.9,51.2,,81.5,,65.5,,,,,,,,,,,,
1988-06-01,59.3,63.6,50.5,61.7,65.6,48.2,,80.7,,66.0,,,,,,,,,,,,
1988-07-01,58.2,60.6,52.5,61.2,58.4,54.5,,81.0,,67.5,,,,,,,,,,,,
1988-08-01,56.0,59.2,51.2,57.8,57.4,49.4,,78.2,,59.9,,,,,,,,,,,,
1988-09-01,54.5,58.6,50.2,54.8,55.2,49.5,,72.8,,61.7,,,,,,,,,,,,
1988-10-01,55.4,57.2,52.4,58.7,54.8,49.2,,71.5,,60.8,,,,,,,,,,,,
1988-11-01,55.6,58.4,53.8,57.5,52.1,51.6,,70.9,,58.1,,,,,,,,,,,,
1988-12-01,56.0,59.0,54.8,57.6,53.0,49.9,,69.8,,64.3,,,,,,,,,,,,
1989-01-01,54.7,57.3,51.4,57.9,53.9,46.7,,70.5,,60.1,,,,,,,,,,,,
1989-02-01,54.1,57.3,50.0,55.6,54.0,49.0,,67.9,,60.0,,,,,,,,,,,,
1989-03-01,51.5,52.0,50.2,52.7,52.5,48.3,,67.9,,52.8,,,,,,,,,,,,
1989-04-01,52.2,53.1,50.0,54.9,52.2,47.4,,65.4,,58.4,,,,,,,,,,,,
1989-05-01,49.3,50.7,47.6,50.7,49.1,44.9,,59.3,,60.9,,,,,,,,,,,,
1989-06-01,47.3,45.6,47.4,49.5,46.5,47.5,,50.0,,53.3,,,,,,,,,,,,
1989-07-01,45.9,45.8,44.5,46.9,46.1,46.2,,48.1,,56.1,,,,,,,,,,,,
1989-08-01,45.1,45.2,44.6,46.7,44.0,43.5,,43.3,,57.8,,,,,,,,,,,,
1989-09-01,46.0,46.0,45.4,48.0,43.9,44.8,,42.4,,61.7,,,,,,,,,,,,
1989-10-01,46.8,49.3,45.0,48.5,43.3,43.8,,41.0,,57.2,49.0,,,,,,,,,,,
1989-11-01,46.8,49.3,45.9,49.2,42.5,41.4,,40.9,,56.6,47.0,,,,,,,,,,,
1989-12-01,47.4,50.4,44.6,49.7,43.5,43.9,,41.0,,54.9,45.5,,,,,,,,,,,
1990-01-01,47.2,49.1,45.4,47.4,48.2,42.7,,50.8,,54.3,51.8,,,,,,,,,,,
1990-02-01,49.1,52.5,46.5,52.8,44.4,41.4,,44.6,,54.7,50.3,,,,,,,,,,,
1990-03-01,49.9,52.3,46.5,54.7,47.2,41.2,,50.1,,56.3,48.7,,,,,,,,,,,
1990-04-01,50.0,53.7,46.6,53.5,47.2,41.3,,50.9,,57.5,48.0,,,,,,,,,,,
1990-05-01,49.5,51.7,46.2,53.9,48.2,40.0,,50.1,,54.3,46.5,,,,,,,,,,,
1990-06-01,49.2,52.0,45.4,51.3,49.8,42.6,,53.2,,56.0,47.6,,,,,,,,,,,
1990-07-01,46.6,46.7,46.3,49.8,46.4,39.6,,51.4,,57.2,47.5,,,,,,,,,,,
1990-08-01,46.1,45.5,43.1,47.9,50.1,43.0,,53.1,,54.6,46.9,,,,,,,,,,,
1990-09-01,44.5,44.9,41.3,45.5,48.9,40.8,,70.2,,54.7,46.0,,,,,,,,,,,
1990-10-01,43.2,43.1,40.2,43.6,48.1,41.2,,73.4,,51.5,47.4,,,,,,,,,,,
1990-11-01,41.3,40.4,36.2,42.1,48.6,40.9,,64.2,,55.5,43.1,,,,,,,,,,,
1990-12-01,40.8,38.5,38.8,41.8,47.2,39.6,,58.9,,56.5,46.5,,,,,,,,,,,
1991-01-01,39.2,38.1,37.3,38.9,44.4,39.6,,51.6,,55.9,44.6,,,,,,,,,,,
1991-02-01,39.4,39.2,35.6,39.1,44.7,39.9,,44.5,,53.3,45.8,,,,,,,,,,,
1991-03-01,40.7,42.4,33.6,41.2,43.9,43.6,,41.2,,55.9,45.8,,,,,,,,,,,
1991-04-01,42.8,46.1,35.8,44.5,45.0,39.6,,38.8,,53.9,45.2,,,,,,,,,,,
1991-05-01,44.5,48.9,37.4,46.9,46.0,37.3,,38.2,,53.2,47.0,,,,,,,,,,,
1991-06-01,50.3,58.4,43.0,53.7,47.1,37.1,,39.6,,54.8,47.0,,,,,,,,,,,
1991-07-01,50.6,55.6,41.3,57.2,49.6,39.1,,38.4,,52.8,47.6,,,,,,,,,,,
1991-08-01,52.9,60.1,44.0,59.8,48.3,39.0,,41.8,,56.5,49.5,,,,,,,,,,,
1991-09-01,54.9,60.7,47.3,61.2,48.8,45.9,,45.5,,53.8,49.5,,,,,,,,,,,
1991-10-01,53.1,58.0,44.7,60.7,50.2,40.5,,50.0,,55.7,48.4,,,,,,,,,,,
1991-11-01,49.5,53.5,43.0,52.1,50.1,42.8,,47.6,,55.2,46.1,,,,,,,,,,,
1991-12-01,46.8,49.5,39.8,50.6,49.4,38.8,,48.9,,53.6,47.6,,,,,,,,,,,
1992-01-01,47.3,49.6,40.6,50.4,48.7,44.1,,45.4,,51.9,47.0,,,,,,,,,,,
1992-02-01,52.7,58.3,43.9,58.7,49.3,44.0,,45.9,,54.7,47.2,,,,,,,,,,,
1992-03-01,54.6,63.3,43.7,59.7,50.3,44.3,,48.1,,54.7,49.8,,,,,,,,,,,
1992-04-01,52.6,59.1,45.0,57.8,47.4,43.2,,51.1,,53.4,52.1,,,,,,,,,,,
1992-05-01,55.7,60.9,49.5,61.2,50.0,47.0,,55.0,,56.2,53.9,,,,,,,,,,,
1992-06-01,53.6,59.8,46.6,57.6,50.8,43.1,,53.9,,53.1,49.1,,,,,,,,,,,
1992-07-01,53.9,59.5,45.5,57.4,52.5,46.9,,56.2,,55.2,49.7,,,,,,,,,,,
1992-08-01,53.4,58.8,47.3,56.8,50.3,45.8,,53.7,,53.3,48.6,,,,,,,,,,,
1992-09-01,49.7,51.1,45.1,53.9,51.2,42.3,,51.6,,55.8,46.7,,,,,,,,,,,
1992-10-01,50.3,53.8,44.7,54.7,48.6,42.4,,46.4,,53.8,47.7,,,,,,,,,,,
1992-11-01,53.6,58.8,47.1,58.6,51.3,42.1,,42.1,,52.9,48.0,,,,,,,,,,,
1992-12-01,54.2,61.0,45.9,57.9,51.5,45.0,,48.0,,53.1,51.4,,,,,,,,,,,
1993-01-01,55.8,63.0,46.9,61.5,52.3,43.3,,49.8,56.5,53.4,49.4,,,,,,,,,,,
1993-02-01,55.2,59.7,47.0,63.5,51.7,42.6,,53.9,56.0,53.2,49.5,,,,,,,,,,,
1993-03-01,53.5,58.1,47.1,56.7,52.7,45.6,,53.6,54.5,52.3,49.4,,,,,,,,,,,
1993-04-01,50.2,53.0,44.8,51.6,52.8,44.7,,54.6,51.0,53.5,50.1,,,,,,,,,,,
1993-05-01,51.2,55.2,43.6,55.0,51.5,44.8,,50.4,51.5,54.2,47.4,,,,,,,,,,,
1993-06-01,49.6,51.6,43.2,53.1,50.4,46.5,,50.6,52.0,52.4,49.8,,,,,,,,,,,
1993-07-01,50.2,53.8,43.6,52.7,51.0,45.5,,51.4,45.0,50.1,48.7,,,,,,,,,,,
1993-08-01,50.7,55.3,41.9,53.9,51.8,44.4,,52.3,51.0,52.6,49.4,,,,,,,,,,,
1993-09-01,50.8,52.6,44.5,55.2,51.3,46.2,,49.0,49.0,51.7,49.9,,,,,,,,,,,
1993-10-01,53.4,58.9,46.0,56.1,50.7,48.6,,50.9,55.5,54.1,49.4,,,,,,,,,,,
1993-11-01,53.8,60.4,45.5,57.5,50.9,45.5,,52.7,56.5,55.0,51.5,,,,,,,,,,,
1993-12-01,55.6,62.4,47.1,61.7,51.5,43.2,,53.1,54.5,53.8,50.3,,,,,,,,,,,
1994-01-01,56.0,63.5,47.5,59.7,54.4,43.9,,58.9,58.0,55.3,52.4,,,,,,,,,,,
1994-02-01,56.5,62.2,48.7,60.2,57.0,44.6,,63.0,56.5,58.3,51.9,,,,,,,,,,,
1994-03-01,56.9,62.8,48.2,63.4,55.4,43.0,,62.9,56.5,55.2,51.8,,,,,,,,,,,
1994-04-01,57.4,62.7,50.1,61.4,57.2,45.9,,63.5,61.5,56.9,51.8,,,,,,,,,,,
1994-05-01,58.2,61.6,51.4,62.7,60.2,47.6,,67.8,61.5,54.9,53.4,,,,,,,,,,,
1994-06-01,58.8,65.0,49.5,62.0,60.3,48.3,,69.7,60.0,57.8,55.2,,,,,,,,,,,
1994-07-01,58.5,64.2,52.3,62.3,58.1,45.1,,71.6,59.5,56.7,51.1,,,,,,,,,,,
1994-08-01,58.0,63.0,51.4,60.2,61.6,44.9,,75.2,60.5,57.7,51.3,,,,,,,,,,,
1994-09-01,59.0,62.7,52.5,62.8,62.5,46.1,,80.3,60.5,60.0,53.0,,,,,,,,,,,
1994-10-01,59.4,63.0,51.1,63.3,64.9,47.6,,84.1,60.5,58.5,53.7,,,,,,,,,,,
1994-11-01,59.2,61.5,51.6,63.9,64.7,47.3,,84.5,58.0,56.1,53.2,,,,,,,,,,,
1994-12-01,56.1,58.9,46.7,59.5,64.8,45.0,,87.1,53.5,58.4,52.6,,,,,,,,,,,
1995-01-01,57.4,59.7,51.9,60.9,62.7,45.2,,86.0,54.0,59.1,52.2,,,,,,,,,,,
1995-02-01,55.1,56.6,50.0,57.4,60.7,47.0,,81.7,55.0,58.7,53.0,,,,,,,,,,,
1995-03-01,52.1,51.9,48.1,54.8,56.9,47.0,,78.9,51.0,56.9,52.0,,,,,,,,,,,
1995-04-01,51.5,52.2,47.4,54.1,56.3,44.2,,74.5,47.5,55.6,49.8,,,,,,,,,,,
1995-05-01,46.7,44.0,43.7,49.9,53.3,43.3,,70.5,42.0,56.3,47.9,,,,,,,,,,,
1995-06-01,45.9,43.5,46.5,46.1,51.8,43.0,,64.7,36.0,56.1,49.3,,,,,,,,,,,
1995-07-01,50.7,52.7,48.1,51.6,51.3,46.5,,58.6,41.5,56.4,53.3,,,,,,,,,,,
1995-08-01,47.1,46.5,45.0,49.1,49.1,45.5,,48.5,40.5,53.7,51.8,,,,,,,,,,,
1995-09-01,48.1,49.4,45.5,50.5,50.0,40.3,,48.8,43.5,52.6,49.4,,,,,,,,,,,
1995-10-01,46.7,47.5,45.9,47.0,48.4,42.2,,46.5,40.5,52.2,49.5,,,,,,,,,,,
1995-11-01,45.9,48.6,44.5,45.0,45.3,43.3,,44.5,41.5,54.7,44.2,,,,,,,,,,,
1995-12-01,46.2,45.9,46.2,46.9,47.5,43.1,,40.3,42.0,56.5,49.5,,,,,,,,,,,
1996-01-01,45.5,44.1,45.3,45.6,47.8,46.6,,40.3,41.5,50.0,48.3,,,,,,,,,,,
1996-02-01,45.9,46.1,44.6,45.7,49.5,43.3,,38.8,43.5,51.3,48.1,,,,,,,,,,,
1996-03-01,46.9,49.1,44.4,47.3,49.6,40.0,,39.9,40.0,50.8,47.5,,,,,,,,,,,
1996-04-01,49.3,52.3,44.7,51.6,49.4,43.9,,41.5,44.0,51.4,47.5,,,,,,,,,,,
1996-05-01,49.1,51.7,44.7,53.0,49.9,39.2,,50.2,48.5,57.2,48.5,,,,,,,,,,,
1996-06-01,53.6,59.4,48.2,55.5,52.8,43.1,,47.9,51.0,53.1,48.7,,,,,,,,,,,
1996-07-01,49.7,51.9,46.7,52.4,50.8,40.8,,44.1,47.5,53.2,53.1,,,,,,,,,,,
1996-08-01,51.6,54.6,47.4,55.1,51.9,42.2,,46.6,47.0,55.3,50.0,,,,,,,,,,,
1996-09-01,51.1,54.6,47.2,53.5,50.0,43.7,,50.1,49.5,55.1,50.7,,,,,,,,,,,
1996-10-01,50.5,52.9,46.0,55.4,50.9,39.6,,45.7,44.5,57.0,52.8,,,,,,,,,,,
1996-11-01,53.0,56.9,47.6,58.1,51.2,42.3,,46.3,49.0,55.5,53.2,,,,,,,,,,,
1996-12-01,55.2,61.7,48.6,58.9,52.0,44.4,,52.0,51.0,56.5,51.6,,,,,,,,,,,
1997-01-01,53.8,57.0,49.8,59.8,49.7,43.2,46.5,53.3,45.5,56.2,53.5,,,,,,,,,,,
1997-02-01,53.1,57.6,45.9,58.9,52.1,41.3,44.5,56.4,48.5,54.6,53.7,,,,,,,,,,,
1997-03-01,53.8,58.6,50.8,55.0,53.1,43.5,46.5,51.1,51.5,55.7,48.3,,,,,,,,,,,
1997-04-01,53.7,56.6,51.8,56.8,53.4,41.4,47.0,50.3,54.0,54.7,51.4,,,,,,,,,,,
1997-05-01,56.1,62.3,50.7,56.7,55.0,48.1,44.5,48.5,58.0,53.6,52.1,,,,,,,,,,,
1997-06-01,54.9,59.4,51.3,56.5,54.6,45.2,50.5,48.9,53.5,53.5,54.1,,,,,,,,,,,
1997-07-01,57.7,61.3,51.7,64.5,54.7,45.9,47.5,52.0,56.5,56.2,55.2,,58.6,58.8,53.8,,51.0,56.5,49.0,50.9,55.6,62.0
1997-08-01,56.3,60.3,51.3,61.5,55.2,43.0,47.0,52.1,60.0,54.9,53.7,,62.6,60.2,53.8,,48.5,62.0,56.5,53.3,48.4,57.5
1997-09-01,53.9,55.4,51.2,56.6,54.8,47.2,49.5,53.0,50.0,49.4,51.6,,59.1,59.3,53.2,,54.0,63.0,49.5,53.1,47.5,49.5
1997-10-01,56.4,60.9,52.8,59.4,54.9,45.0,47.0,53.6,56.5,54.9,51.8,,62.6,60.8,51.0,,46.5,66.0,52.0,53.1,50.7,51.5
1997-11-01,55.7,57.4,53.7,60.1,55.2,43.8,48.0,52.1,50.0,53.6,54.7,,61.9,59.9,56.7,,51.0,64.5,56.0,54.3,50.3,53.5
1997-12-01,54.5,57.2,52.1,56.7,53.9,46.2,46.5,52.2,52.0,51.4,56.0,,56.5,58.8,55.0,,49.0,67.0,49.0,54.9,52.2,48.5
1998-01-01,53.8,57.1,51.1,55.6,53.0,46.2,47.5,47.0,47.0,46.2,55.1,,61.4,57.4,55.0,,48.5,61.5,49.0,52.7,51.5,52.0
1998-02-01,52.9,54.6,51.7,54.6,52.8,46.2,46.5,45.5,48.0,48.3,53.4,,58.9,59.1,54.8,,50.5,59.5,51.5,51.6,52.6,51.5
1998-03-01,52.9,54.9,51.4,54.5,53.0,46.0,47.0,44.2,51.5,46.7,52.1,,57.0,55.1,54.1,,52.5,64.0,51.5,47.9,50.0,58.5
1998-04-01,52.2,55.3,49.0,53.3,52.4,46.1,49.0,40.5,52.5,48.5,53.9,,58.6,57.5,51.6,,52.5,66.5,51.0,46.8,52.1,56.5
1998-05-01,50.9,51.5,49.3,53.2,51.5,46.0,47.5,41.1,48.5,46.1,52.1,,61.2,60.2,52.8,,50.0,63.5,53.0,47.2,52.8,48.5
1998-06-01,48.9,50.2,47.0,50.6,50.9,42.0,44.5,39.3,48.5,46.3,51.7,,58.7,55.8,52.5,,49.5,69.0,50.0,45.5,54.5,55.0
1998-07-01,49.2,51.8,45.1,50.8,50.2,44.1,47.0,38.4,44.5,45.6,51.4,,58.6,58.2,51.9,,48.0,60.5,52.0,47.0,50.9,51.5
1998-08-01,49.3,50.9,46.7,50.7,50.3,44.8,50.5,37.8,48.5,44.0,51.2,,52.2,55.3,52.3,,48.0,62.5,56.5,47.9,55.2,54.0
1998-09-01,48.7,49.4,45.7,51.2,50.8,43.2,49.0,34.0,46.0,44.2,51.5,,57.4,55.9,53.7,,50.5,65.0,54.0,46.2,52.0,54.0
1998-10-01,48.7,48.0,45.2,52.4,49.8,47.1,50.5,34.7,45.5,44.4,51.3,,54.0,54.7,53.1,,48.5,65.5,49.0,49.3,48.8,48.5
1998-11-01,48.2,48.3,45.3,50.4,50.4,44.5,47.5,34.5,40.5,43.7,51.1,,54.9,52.7,52.6,,50.0,63.0,46.5,47.3,50.7,45.0
1998-12-01,46.8,49.7,41.9,47.7,48.5,42.7,47.0,31.9,37.0,46.2,50.5,,54.2,53.5,50.9,,50.5,64.5,47.0,48.5,50.3,49.0
1999-01-01,50.6,52.4,45.5,55.6,51.0,42.7,44.0,33.7,38.0,50.0,50.5,,58.8,57.5,51.4,,47.0,61.0,49.0,47.0,53.1,46.5
1999-02-01,51.7,55.0,45.8,56.0,50.8,43.5,43.0,35.2,48.5,53.3,54.6,,57.3,56.6,52.2,,49.5,60.5,51.5,45.5,52.7,47.5
1999-03-01,52.4,55.9,47.6,55.7,52.3,43.7,43.5,42.5,52.0,50.1,52.8,,59.5,58.1,51.1,,47.5,61.5,55.5,48.9,55.3,58.5
1999-04-01,52.3,54.0,48.8,57.2,49.5,46.8,45.0,47.4,53.0,51.1,51.6,,59.8,58.6,52.0,,48.5,63.0,51.0,51.4,52.6,56.5
1999-05-01,54.3,57.8,51.1,58.5,52.1,43.6,45.5,51.2,55.5,50.9,53.1,,57.7,56.4,52.9,,51.5,61.0,50.5,52.9,54.4,58.5
1999-06-01,55.8,59.4,51.3,61.6,52.6,44.7,43.5,54.2,54.5,52.4,52.2,,57.9,59.7,55.3,,49.5,61.0,52.0,53.2,51.9,53.5
1999-07-01,53.6,54.6,50.4,58.1,54.0,44.9,45.0,55.5,50.5,51.1,54.1,,60.7,58.1,53.4,,49.5,61.0,50.0,57.7,55.9,57.5
1999-08-01,54.8,57.5,53.1,58.3,51.4,46.2,45.5,60.6,52.5,54.4,53.7,,60.3,59.6,52.3,,52.0,63.0,51.5,58.9,52.3,58.0
1999-09-01,57.0,63.5,51.3,59.9,55.8,43.8,43.5,65.8,54.5,55.8,54.2,,59.1,60.1,51.4,,52.0,61.5,52.5,64.2,55.5,62.5
1999-10-01,57.2,61.3,53.0,59.7,56.2,48.0,44.5,68.8,54.0,54.9,54.3,,60.7,62.0,51.7,,47.5,58.0,52.0,58.9,55.7,54.0
1999-11-01,58.1,63.1,53.1,60.2,56.8,49.7,48.5,68.1,58.5,55.8,52.7,,57.0,55.5,50.6,,52.5,62.5,49.0,61.0,53.8,56.0
1999-12-01,57.8,60.3,55.7,60.6,56.7,49.0,48.5,67.4,50.0,55.0,52.0,,60.4,61.1,53.0,,50.0,61.5,49.0,60.5,50.8,58.0
2000-01-01,56.7,60.4,52.8,57.8,55.0,52.8,46.5,72.4,52.0,53.4,52.9,,57.7,60.8,52.3,,49.5,67.0,48.5,61.4,54.9,57.5
2000-02-01,55.8,58.7,53.6,59.1,54.4,44.9,48.0,71.6,54.0,54.2,53.0,,58.2,58.9,52.8,,49.5,66.5,52.0,66.5,51.9,47.5
2000-03-01,54.9,56.2,51.2,59.5,54.3,47.5,48.0,78.7,51.0,54.8,53.5,,60.5,61.7,55.0,,51.5,60.5,53.0,68.6,54.7,55.5
2000-04-01,54.7,55.4,53.2,58.1,55.4,46.1,47.0,71.2,51.0,51.5,53.8,,61.1,61.5,54.4,,53.5,64.0,55.5,65.0,54.6,59.0
2000-05-01,53.2,51.5,53.0,56.4,55.4,46.9,50.5,65.7,49.0,56.4,54.2,,59.8,60.5,53.5,,49.5,63.0,53.5,64.2,54.7,62.0
2000-06-01,51.4,50.0,50.7,53.4,54.5,47.0,47.0,62.9,48.5,52.8,55.7,,60.3,59.4,54.4,,54.0,66.5,56.5,65.0,52.6,57.0
2000-07-01,52.5,52.0,52.5,53.7,53.9,48.5,49.5,63.4,45.0,51.7,50.8,,56.5,59.7,50.5,,51.0,68.0,50.5,62.1,53.1,53.0
2000-08-01,49.9,50.0,48.8,49.7,53.5,47.1,50.5,58.1,49.0,50.8,52.2,,61.3,59.8,54.2,,51.0,61.5,52.0,59.2,53.9,56.0
2000-09-01,49.7,48.9,50.6,51.5,49.6,45.9,48.5,58.4,47.0,50.7,48.9,,59.8,60.4,53.5,,53.5,65.0,56.5,62.1,46.0,51.5
2000-10-01,48.7,48.4,48.2,49.3,51.1,45.9,50.5,57.7,41.0,48.7,52.4,,58.6,59.2,54.5,,55.0,67.5,53.5,63.7,58.9,55.0
2000-11-01,48.5,49.1,47.1,50.1,50.3,42.8,51.5,58.1,42.0,48.6,53.2,,59.7,56.4,54.6,,49.5,66.0,49.5,60.9,54.7,55.0
2000-12-01,43.9,42.1,42.7,42.9,52.8,40.4,51.0,59.8,36.0,49.5,51.2,,57.5,54.9,52.4,,48.5,65.0,50.5,63.5,53.4,56.5
2001-01-01,42.3,38.4,42.3,39.2,49.8,41.8,56.0,64.6,32.5,46.7,49.1,,52.5,50.8,51.7,,45.5,67.5,42.5,61.8,49.8,55.0
2001-02-01,42.1,39.9,37.8,38.6,50.2,44.2,52.5,55.6,37.0,46.8,47.5,,51.5,51.4,50.7,,47.0,65.0,45.5,58.1,48.7,53.5
2001-03-01,43.1,41.5,39.9,42.6,47.7,43.7,52.0,49.9,43.5,50.3,48.8,,50.0,52.6,49.6,,49.0,69.0,47.5,55.8,48.4,49.5
2001-04-01,42.7,45.5,38.2,43.1,47.2,39.7,50.0,48.0,43.5,47.5,47.2,,48.3,47.2,46.5,,45.5,64.0,44.0,53.8,49.8,55.5
2001-05-01,41.3,44.9,35.1,43.1,45.4,38.2,51.0,45.1,40.0,45.3,46.9,,47.9,49.3,46.7,,47.5,63.5,46.5,58.5,48.7,48.5
2001-06-01,43.2,47.8,35.7,45.3,47.1,39.9,48.0,42.8,42.0,45.2,47.0,,51.6,52.2,45.6,,48.5,65.0,49.0,54.5,50.0,49.5
2001-07-01,43.5,49.2,37.2,47.0,46.8,37.1,45.0,39.9,42.5,48.4,47.2,,48.1,47.5,46.4,,46.0,61.5,42.5,49.9,50.1,53.0
2001-08-01,46.3,54.3,41.3,51.8,46.7,37.6,48.5,35.0,44.5,52.0,50.0,,47.4,46.5,45.7,,43.5,65.5,41.5,48.9,52.8,47.5
2001-09-01,46.2,51.3,41.5,51.8,47.5,38.9,48.5,36.6,43.0,46.9,49.7,,49.7,50.8,46.4,,44.5,64.0,48.5,50.2,52.7,53.5
2001-10-01,40.8,38.9,35.6,41.8,49.5,38.3,44.5,33.3,36.0,44.3,47.6,,40.5,41.3,43.9,,48.0,68.5,40.5,43.4,50.7,44.5
2001-11-01,44.1,49.1,36.4,46.9,49.1,38.9,44.5,32.0,38.5,50.0,49.5,,49.4,46.4,44.5,,49.5,67.0,42.0,41.3,51.6,48.5
2001-12-01,45.3,51.4,39.1,49.2,49.3,37.6,44.0,33.2,39.5,47.6,50.2,,50.7,49.9,44.6,,48.5,66.5,46.5,42.3,55.9,55.0
2002-01-01,47.5,55.2,41.0,51.1,51.2,39.2,43.5,43.9,44.5,50.1,51.3,,49.8,48.3,44.3,53.0,47.5,64.5,45.5,48.8,55.3,56.5
2002-02-01,50.7,60.7,43.8,58.1,51.4,39.7,41.5,41.5,53.0,50.7,52.4,,57.5,56.3,43.9,53.0,51.5,66.5,47.5,47.6,54.3,52.5
2002-03-01,52.4,63.8,46.6,58.3,51.9,41.4,40.0,51.9,62.5,50.6,53.9,,57.1,56.4,45.8,52.0,50.0,65.5,49.5,49.2,48.9,49.5
2002-04-01,52.4,59.9,46.6,59.1,53.5,43.0,40.5,60.3,56.0,51.9,55.5,,56.3,58.4,47.8,51.5,52.5,63.0,48.5,53.7,56.2,52.5
2002-05-01,53.1,61.8,47.3,59.4,53.4,43.8,39.0,63.0,56.5,53.3,53.9,,60.5,57.3,49.2,52.0,48.5,65.0,53.5,55.2,54.0,61.5
2002-06-01,53.6,61.2,48.3,61.1,54.4,43.2,44.5,65.5,53.5,54.1,53.8,,56.1,56.4,44.0,53.5,47.5,66.0,49.0,53.1,55.2,57.5
2002-07-01,50.2,51.9,45.0,56.6,54.8,42.7,42.5,68.3,45.5,52.2,53.2,,52.1,50.7,46.1,52.5,52.0,66.0,43.5,60.5,52.6,59.5
2002-08-01,50.3,50.6,46.8,54.9,53.6,45.4,42.5,61.5,45.0,53.4,52.6,,51.9,51.6,47.2,53.0,46.0,62.0,48.0,55.1,48.3,46.0
2002-09-01,50.5,52.9,45.8,53.5,56.7,43.8,40.5,62.5,44.5,53.8,54.7,,54.9,54.8,47.1,52.5,44.5,66.0,51.0,53.4,44.7,57.5
2002-10-01,49.0,52.1,46.4,51.3,53.4,42.0,42.5,58.3,43.5,53.0,51.2,,53.1,52.3,46.6,53.5,44.0,64.5,52.0,56.1,54.9,49.0
2002-11-01,48.5,49.9,44.8,52.7,52.1,43.1,46.5,55.7,42.5,50.0,52.4,,56.8,56.4,46.0,52.5,44.0,61.0,50.5,57.6,55.1,58.5
2002-12-01,51.6,58.7,47.5,53.9,52.9,45.2,43.0,56.9,46.5,52.0,55.1,,55.5,54.2,47.0,52.5,45.5,63.0,51.5,56.5,51.8,54.0
2003-01-01,51.3,58.2,47.4,54.1,52.8,44.2,42.5,57.5,45.0,54.4,58.6,,56.2,54.4,50.5,52.0,46.5,64.5,48.0,58.0,56.5,53.0
2003-02-01,48.8,51.9,42.6,53.6,52.8,43.0,46.0,65.5,49.0,55.2,54.6,,55.6,53.9,48.5,52.5,48.5,66.5,50.0,60.5,51.5,58.5
2003-03-01,46.3,47.2,42.2,47.0,52.6,42.3,42.0,70.0,41.5,51.3,53.3,,46.3,49.9,48.1,52.0,49.5,66.0,47.5,59.4,55.0,48.5
2003-04-01,46.1,47.2,41.8,48.5,49.9,43.1,44.5,63.5,47.5,50.8,54.8,,50.7,50.4,48.7,50.5,51.0,62.5,46.0,55.7,50.0,52.5
2003-05-01,49.0,53.4,42.4,52.9,50.6,45.7,45.0,51.5,51.0,51.7,52.2,,54.6,55.9,48.5,52.0,52.5,63.0,51.0,50.0,58.5,49.0
2003-06-01,49.0,53.6,45.6,54.1,49.8,42.0,45.5,56.5,50.0,54.6,55.9,,59.2,57.1,49.3,51.5,47.0,62.0,51.5,52.3,50.5,49.5
2003-07-01,51.0,56.8,46.3,53.9,51.5,46.3,42.5,53.0,51.0,54.4,54.9,,62.7,62.3,50.5,53.5,49.5,60.0,54.5,51.4,54.0,47.5
2003-08-01,53.2,61.1,47.1,61.8,53.0,43.1,43.0,53.0,51.5,56.4,55.2,,65.1,66.9,51.7,52.5,49.0,62.0,51.5,56.1,60.0,58.5
2003-09-01,52.4,60.8,46.5,57.8,53.4,43.4,44.5,56.0,52.5,54.5,61.4,,63.8,61.4,50.1,55.0,47.5,60.5,57.0,59.5,55.0,56.0
2003-10-01,55.2,64.4,48.6,62.8,54.6,45.6,39.0,58.5,53.5,59.5,59.2,,64.4,64.2,53.0,53.0,49.0,60.0,54.0,57.2,56.0,58.0
2003-11-01,58.4,69.1,50.4,66.6,56.4,49.7,39.5,64.0,59.0,57.1,61.4,,61.1,61.3,54.4,53.0,51.0,62.0,52.5,58.5,57.5,54.5
2003-12-01,60.1,71.3,54.1,70.0,59.3,45.9,39.0,66.0,61.0,59.3,57.8,,60.0,61.2,54.0,52.0,51.5,62.0,55.5,61.1,57.0,57.5
2004-01-01,60.8,70.6,54.7,69.3,61.5,47.9,40.0,75.5,60.5,57.2,59.2,,67.7,65.4,55.143160127253,56.5,49.5,59.0,53.5,62.2,54.5,51.0
2004-02-01,59.9,66.5,55.7,65.6,62.9,49.0,38.5,81.5,62.0,55.1,59.9,,62.5,61.2,52.904564315353,55.5,49.0,58.0,53.0,59.5,58.5,55.5
2004-03-01,60.6,64.6,57.0,66.8,66.7,48.0,39.5,86.0,63.5,60.2,57.1,,62.3,62.1,53.800592300099,55.0,51.5,60.5,52.5,65.0,60.5,51.5
2004-04-01,60.6,67.1,57.2,66.6,66.7,45.2,40.5,88.0,66.5,59.9,58.7,,64.0,61.6,54.6875,58.0,56.5,58.0,53.5,68.6,60.5,62.0
2004-05-01,61.4,64.5,60.1,65.3,68.3,48.8,37.0,86.0,63.0,60.0,58.8,,62.6,60.7,54.545454545455,56.0,54.0,60.0,56.5,71.0,59.5,52.0
2004-06-01,60.5,60.9,59.4,63.7,67.1,51.3,39.0,81.0,58.5,57.3,57.5,,59.2,62.1,55.555555555556,57.5,57.5,60.5,55.5,74.2,56.5,59.5
2004-07-01,59.9,62.8,57.4,63.8,64.5,50.8,37.5,77.0,58.0,56.7,58.8,,63.2,63.2,49.665711556829,58.0,54.0,64.0,55.0,71.9,60.5,55.5
2004-08-01,58.5,62.1,56.4,59.3,62.8,52.1,45.5,81.5,55.0,55.8,58.3,,59.7,59.0,53.516819571865,57.0,53.0,62.5,53.0,70.9,63.5,55.0
2004-09-01,57.4,57.7,58.0,59.8,59.8,51.6,41.5,76.0,55.0,53.5,58.2,,60.0,60.6,55.325749741468,55.5,51.5,61.5,52.5,67.0,56.0,55.5
2004-10-01,56.3,58.4,55.5,59.3,59.2,49.3,43.5,78.5,49.0,56.7,59.2,,61.0,61.7,56.476683937824,56.0,50.0,60.5,52.5,72.8,57.5,55.0
2004-11-01,56.2,60.1,56.9,57.3,56.8,49.7,43.5,74.0,47.5,54.5,58.8,,62.8,61.1,54.835493519442,55.0,52.5,61.5,54.0,70.6,62.0,53.5
2004-12-01,57.2,66.3,53.8,57.9,55.3,52.8,44.0,72.0,54.0,59.1,60.8,,65.0,63.2,54.711246200608,55.5,56.0,64.0,56.5,71.3,61.0,55.5
2005-01-01,56.8,57.9,58.6,59.3,54.7,53.5,44.5,69.0,50.5,56.5,61.1,,62.5,62.4,54.6,52.5,49.5,64.5,48.0,69.1,53.0,52.5
2005-02-01,55.5,55.9,56.0,58.2,56.5,51.0,42.5,65.5,50.5,56.5,60.7,,61.9,63.3,59.7,52.5,52.0,64.5,51.5,69.7,57.5,56.0
2005-03-01,55.2,57.7,52.5,57.5,53.5,55.0,46.0,73.0,56.0,55.1,58.9,,61.3,60.5,57.2,53.0,52.5,64.5,56.5,65.6,59.0,51.5
2005-04-01,52.2,53.4,53.0,54.2,51.8,48.5,41.5,71.0,53.0,57.0,56.7,,58.6,57.5,53.3,53.0,54.5,60.5,54.0,62.4,58.5,52.5
2005-05-01,50.8,51.8,49.3,54.7,49.8,48.5,47.5,58.0,51.0,55.3,53.9,,57.5,58.2,51.8,53.5,51.5,63.0,56.5,57.6,57.5,62.0
2005-06-01,52.4,55.7,51.1,55.1,52.0,48.0,44.0,50.5,51.0,51.2,54.2,,60.7,59.2,55.8,56.5,52.0,64.5,52.5,58.4,58.5,50.0
2005-07-01,52.8,57.2,53.2,57.4,50.8,45.5,44.5,48.5,49.0,55.8,54.7,,61.3,64.4,55.1,57.0,52.5,64.0,53.5,65.8,62.0,53.5
2005-08-01,52.4,57.8,51.8,55.6,49.9,47.0,46.5,62.5,50.5,54.5,53.4,,64.8,65.3,60.2,55.0,53.5,67.0,52.0,66.1,61.5,63.5
2005-09-01,56.8,60.9,53.4,62.4,57.7,49.5,44.5,78.0,55.0,57.3,53.4,,55.2,56.2,55.4,56.0,50.0,64.0,52.0,83.5,58.5,55.0
2005-10-01,57.2,61.4,54.3,62.1,61.8,46.5,41.0,84.0,55.5,55.2,58.2,,59.2,57.5,54.2,58.5,50.0,55.0,55.0,79.2,53.5,54.5
2005-11-01,56.7,61.2,56.0,62.4,57.0,47.0,43.5,74.0,53.0,57.9,54.1,,59.2,59.6,56.9,60.5,54.0,60.0,54.0,72.6,56.5,57.0
2005-12-01,55.1,60.1,53.7,60.3,54.9,46.5,48.0,63.0,49.5,54.3,52.8,,60.1,62.8,56.4,56.5,56.0,59.0,54.0,68.9,56.5,61.5
2006-01-01,55.0,58.9,53.1,59.7,55.7,47.5,46.0,65.0,53.5,58.5,57.0,,58.6,57.4,54.5,54.5,55.0,63.0,52.5,69.9,49.5,58.0
2006-02-01,55.8,61.0,53.5,57.9,54.4,52.0,48.5,62.5,54.5,57.0,57.5,,61.8,57.8,58.1,52.5,53.0,63.5,54.0,67.8,55.0,60.0
2006-03-01,54.3,57.0,53.8,57.0,53.9,50.0,48.0,66.5,59.5,57.3,57.0,,60.0,58.6,55.1,54.0,54.0,63.0,50.5,60.1,60.5,63.5
2006-04-01,55.2,55.7,54.2,57.1,57.4,51.5,46.5,71.5,57.0,53.4,59.0,,61.3,61.1,56.5,54.5,59.0,60.0,54.0,68.5,57.0,59.5
2006-05-01,53.7,54.9,53.2,56.0,56.1,48.5,44.0,77.0,53.0,55.7,56.5,,58.1,58.6,54.6,56.5,59.0,59.0,52.0,70.5,58.5,64.0
2006-06-01,52.0,55.0,49.9,53.4,54.0,47.5,45.5,76.5,54.0,55.4,56.5,,56.4,57.0,51.2,56.0,51.5,63.0,55.0,69.0,55.5,54.5
2006-07-01,53.0,55.8,50.7,56.9,53.5,48.0,44.5,78.5,50.5,51.9,57.5,,56.3,58.1,53.6,54.5,53.0,60.0,56.0,70.6,60.5,56.0
2006-08-01,53.7,55.3,52.6,55.2,54.2,51.0,46.0,73.0,51.5,55.7,54.0,,56.7,53.1,52.2,53.5,51.5,59.0,49.5,72.2,60.0,53.0
2006-09-01,52.2,54.8,49.9,56.2,52.9,47.0,49.0,61.0,46.5,55.3,56.0,,54.4,56.5,52.9,54.0,50.5,63.5,53.0,60.6,55.0,59.0
2006-10-01,51.4,54.1,49.6,54.3,51.3,47.5,52.0,47.0,44.5,57.8,57.0,,56.9,55.3,52.9,54.5,53.0,64.5,51.5,56.5,57.5,63.5
2006-11-01,50.3,50.8,49.2,50.7,53.1,47.5,50.5,53.5,46.5,56.9,56.5,,59.2,56.7,52.2,50.0,51.5,57.0,54.5,56.7,59.5,58.5
2006-12-01,51.4,51.4,49.8,52.7,55.7,47.5,50.5,47.5,45.0,54.3,55.5,,56.1,54.8,52.7,51.0,53.5,63.5,48.0,60.5,62.0,61.5
2007-01-01,49.5,52.2,50.3,51.2,53.1,40.5,52.0,53.0,43.5,52.5,54.5,,58.3,55.6,54.8,53.5,47.0,65.5,49.0,56.8,52.0,55.0
2007-02-01,51.9,55.1,50.9,53.8,52.8,47.0,53.0,59.0,51.5,54.0,61.5,,56.0,55.7,52.7,52.5,50.5,61.5,47.0,54.7,54.0,59.0
2007-03-01,50.7,50.2,49.9,53.1,51.2,49.0,48.0,65.5,47.0,55.5,57.5,,52.8,53.2,51.9,50.0,52.0,63.0,52.5,61.9,50.0,48.5
2007-04-01,52.6,57.4,51.9,56.2,50.3,47.0,47.0,73.0,54.5,57.0,58.0,,56.1,54.9,51.1,51.0,52.0,60.5,50.0,62.1,52.5,55.5
2007-05-01,52.5,58.6,52.2,56.2,49.3,46.0,48.0,71.0,52.5,59.0,57.5,,58.1,57.1,52.2,49.5,61.0,61.0,48.0,63.2,55.5,66.0
2007-06-01,52.6,57.7,51.9,59.5,48.9,45.0,47.0,68.0,53.5,56.0,54.5,,60.1,57.2,53.3,50.5,52.5,60.5,46.5,61.9,57.5,59.0
2007-07-01,52.4,58.6,49.8,57.0,50.0,46.5,51.0,65.0,52.0,56.5,54.5,,57.1,54.5,51.1,51.5,55.0,65.0,53.0,60.3,54.5,52.5
2007-08-01,50.9,54.4,50.0,54.3,49.2,46.5,49.0,63.0,50.5,57.0,52.5,,55.7,56.7,48.3,50.5,57.0,61.5,58.6,59.9,55.0,53.5
2007-09-01,51.0,54.4,52.0,56.3,50.7,41.5,50.0,59.0,51.0,54.5,53.0,,54.2,52.6,52.5,50.5,50.0,62.0,47.0,68.6,51.0,50.0
2007-10-01,51.1,56.4,50.7,51.3,51.6,45.5,54.0,63.0,46.0,57.0,47.5,,55.1,55.3,53.6,50.0,49.5,60.0,43.5,69.2,55.5,56.0
2007-11-01,50.5,52.4,48.4,53.7,52.4,45.5,49.0,67.5,41.5,58.5,47.5,,55.7,51.9,51.6,51.5,50.5,61.5,48.5,75.3,49.5,55.5
2007-12-01,49.0,46.5,48.6,49.2,56.0,44.5,51.5,68.0,43.0,52.5,48.0,,53.2,52.5,51.8,52.5,50.5,64.5,49.0,73.4,50.5,50.0
2008-01-01,50.3,48.0,47.1,53.7,53.8,49.0,49.5,76.0,44.0,58.5,52.5,45.0,41.9,43.3,45.7,49.0,44.5,57.0,46.0,71.4,41.5,52.0
2008-02-01,47.6,46.4,45.8,47.4,51.6,47.0,49.0,75.5,45.0,56.0,47.5,49.9,52.2,50.1,47.3,50.0,50.0,60.5,49.5,68.8,49.0,46.5
2008-03-01,48.3,45.6,48.2,48.3,52.7,46.5,51.0,83.5,47.5,56.5,45.0,49.4,51.7,49.3,47.4,49.0,51.5,60.5,47.5,69.8,54.5,55.0
2008-04-01,48.8,46.5,46.6,48.3,53.8,49.0,45.0,84.5,51.5,57.5,48.0,51.8,51.1,50.3,49.7,56.0,47.0,63.0,50.0,70.8,50.0,48.5
2008-05-01,48.8,48.5,46.1,49.4,52.2,48.0,47.0,87.0,46.0,59.5,49.5,51.4,53.3,54.2,47.2,51.0,54.0,66.5,49.0,75.0,48.0,54.0
2008-06-01,49.8,49.7,44.8,50.7,53.9,50.0,55.0,91.5,47.5,58.5,46.0,48.3,50.2,49.2,43.4,50.5,53.0,60.0,49.0,79.7,50.5,52.0
2008-07-01,50.0,47.0,51.2,54.6,53.3,44.0,47.0,88.5,43.0,54.0,46.5,50.0,51.0,49.0,46.3,53.5,54.5,62.5,52.0,78.3,49.0,47.5
2008-08-01,49.2,46.7,48.9,50.4,49.3,50.5,54.5,77.0,43.5,57.0,48.5,50.6,51.1,50.7,45.2,55.5,53.5,66.0,49.0,74.8,46.0,44.5
2008-09-01,44.8,41.8,42.1,45.4,51.6,43.0,53.5,53.5,35.0,52.0,44.0,49.4,50.4,49.5,44.3,53.5,45.5,62.5,46.5,72.4,47.5,50.5
2008-10-01,38.9,33.2,33.7,33.6,50.3,43.5,55.0,37.0,29.5,41.0,41.0,44.7,43.8,44.1,42.8,48.0,48.0,67.5,44.0,56.3,52.0,50.0
2008-11-01,36.5,27.6,34.4,32.4,49.7,38.5,55.0,25.5,27.0,41.0,37.5,37.6,34.2,35.3,31.5,49.5,46.0,65.0,39.5,37.3,40.0,34.5
2008-12-01,33.1,23.2,29.9,26.3,48.1,38.0,57.0,18.0,23.0,35.5,39.0,40.0,38.3,38.7,34.9,48.0,49.0,65.5,42.5,36.8,32.5,39.5
2009-01-01,34.9,31.8,28.8,30.3,45.5,38.0,55.5,29.0,29.5,37.5,36.5,43.1,44.1,40.7,36.2,51.5,41.5,62.5,37.5,41.6,40.5,39.0
2009-02-01,35.5,32.8,25.5,35.3,46.0,38.0,51.0,29.0,31.0,37.5,32.0,41.5,40.6,40.4,37.0,48.0,39.0,66.5,36.5,47.6,39.0,40.0
2009-03-01,36.0,40.3,28.6,36.3,41.9,33.0,54.0,31.0,35.5,39.0,33.0,40.0,42.8,37.2,31.9,48.0,40.0,60.0,41.0,38.7,37.0,39.0
2009-04-01,39.5,46.5,33.2,39.0,44.4,34.5,49.5,32.0,40.5,44.0,42.0,43.4,45.0,46.8,36.3,45.5,43.0,62.5,44.0,40.3,48.5,48.5
2009-05-01,41.7,49.0,34.8,42.7,49.2,33.0,46.0,43.5,48.0,48.0,42.5,44.2,43.1,45.9,37.9,50.0,47.0,62.5,40.0,47.5,46.0,47.0
2009-06-01,45.8,51.7,40.7,55.4,50.4,31.0,43.5,50.0,47.5,49.5,46.0,46.8,50.1,49.6,41.5,46.0,45.0,67.0,46.0,54.5,47.0,54.5
2009-07-01,49.9,57.6,47.1,59.9,52.2,32.5,42.5,55.0,50.0,50.5,50.0,47.0,47.0,49.7,41.3,50.0,47.0,62.5,42.0,42.7,45.0,47.5
2009-08-01,53.5,66.6,46.1,62.4,56.5,36.0,39.0,65.0,52.5,55.5,49.5,49.1,52.1,51.7,43.4,49.0,43.0,67.5,41.0,61.6,49.0,54.0
2009-09-01,54.4,63.3,47.8,61.2,58.4,41.5,39.0,63.5,53.5,55.0,52.0,50.5,53.8,53.3,44.7,50.0,47.5,62.0,51.5,49.1,51.5,48.5
2009-10-01,56.0,59.9,52.4,63.0,58.4,46.5,38.5,65.0,53.5,55.5,51.0,50.9,55.0,55.4,42.6,50.5,43.0,63.5,53.5,52.7,46.0,53.5
2009-11-01,54.4,60.6,51.7,62.7,57.5,39.5,37.0,55.0,52.0,56.0,51.5,49.3,50.9,54.9,42.8,48.5,45.5,61.5,48.5,58.1,46.0,54.5
2009-12-01,55.3,63.0,51.6,62.3,58.3,41.5,35.0,61.5,50.0,54.5,55.0,49.9,53.0,51.6,44.6,50.5,51.5,61.0,48.0,58.5,52.5,46.0
2010-01-01,57.2,62.9,53.6,64.7,59.0,46.0,32.0,70.0,56.0,58.5,56.5,49.6,51.5,51.4,44.8,50.5,46.5,64.5,45.5,59.5,47.0,46.0
2010-02-01,55.8,57.1,54.6,58.4,59.8,49.0,37.0,67.0,61.0,56.5,56.0,50.8,53.0,50.8,46.0,53.5,45.0,60.0,46.0,58.7,48.5,47.0
2010-03-01,58.8,61.4,54.0,60.7,61.3,56.5,39.0,75.0,58.0,61.5,57.0,53.2,57.7,58.3,47.4,49.5,46.5,52.5,55.5,60.7,51.0,57.5
2010-04-01,58.1,62.4,55.6,63.0,58.9,50.5,33.0,78.0,57.5,61.0,58.0,55.6,59.8,59.7,49.3,53.5,54.5,53.5,49.5,64.0,56.5,57.0
2010-05-01,58.3,63.1,57.1,64.6,60.8,46.0,32.0,77.5,59.5,62.0,56.5,55.5,61.3,58.0,49.6,53.0,62.5,60.5,56.0,60.0,56.5,53.5
2010-06-01,56.4,60.0,55.9,62.2,57.8,46.0,38.0,57.0,57.0,56.0,56.5,54.6,59.4,57.6,48.5,53.0,58.5,59.0,55.5,56.8,48.0,48.0
2010-07-01,56.4,57.0,59.5,57.7,58.9,49.0,39.0,57.5,54.5,56.5,52.5,54.8,57.4,58.9,50.7,52.0,55.5,59.0,52.0,56.0,48.0,52.0
2010-08-01,58.0,56.9,62.1,60.7,57.1,53.0,43.5,61.5,51.5,55.5,56.5,52.7,55.8,55.1,48.9,51.0,53.5,60.0,50.5,58.3,50.5,46.5
2010-09-01,56.3,53.5,57.9,60.2,54.0,56.0,42.5,70.5,46.5,54.5,56.5,53.6,53.3,54.7,51.5,55.0,47.0,59.5,48.0,60.3,53.0,58.0
2010-10-01,57.7,59.5,59.5,63.5,52.9,53.0,44.0,71.0,46.0,60.5,51.5,55.3,59.7,58.4,52.1,51.0,47.5,61.5,52.0,69.7,54.0,55.5
2010-11-01,57.6,57.9,60.5,56.0,59.5,54.0,45.5,69.5,46.0,57.0,53.0,56.7,59.1,58.4,56.6,52.5,51.5,60.0,51.5,65.4,54.5,59.5
2010-12-01,57.5,59.8,58.2,62.5,57.0,50.0,40.0,72.5,47.0,54.5,50.5,57.0,62.2,62.0,52.2,51.5,52.5,61.5,48.5,69.2,51.0,56.0
2011-01-01,59.0,62.5,60.6,62.9,57.2,52.0,45.5,81.5,58.0,62.0,55.0,57.1,61.6,61.2,52.1,53.5,49.0,60.0,50.5,69.8,53.5,53.5
2011-02-01,59.3,61.9,61.5,63.5,59.2,50.5,40.0,82.0,59.0,62.5,55.0,56.9,63.3,58.8,53.6,52.0,55.5,57.5,52.0,68.9,53.5,56.5
2011-03-01,59.1,61.9,60.7,63.8,59.9,49.0,39.5,85.0,52.5,56.0,56.5,55.5,58.2,59.3,52.9,51.5,55.5,67.0,56.0,70.7,50.0,59.0
2011-04-01,58.9,60.4,59.7,60.7,59.2,54.5,40.5,85.5,61.0,62.0,55.5,55.3,56.9,57.5,53.6,53.0,55.5,57.5,55.5,71.4,57.0,53.5
2011-05-01,53.7,52.4,57.2,54.4,55.9,48.5,39.5,76.5,50.5,55.0,54.5,55.0,55.0,56.4,54.4,54.0,55.0,55.0,55.0,70.0,50.5,57.0
2011-06-01,56.6,55.7,60.3,57.3,56.4,53.5,47.0,68.0,49.0,53.5,51.0,54.2,55.7,56.1,52.9,52.0,53.5,58.5,48.5,63.7,46.5,57.0
2011-07-01,52.9,54.9,56.1,54.3,51.4,48.0,44.0,59.0,45.0,54.0,53.5,53.8,56.6,54.6,53.3,50.5,56.5,59.5,44.0,62.0,47.5,49.0
2011-08-01,53.0,52.1,54.9,51.7,52.0,54.5,46.5,55.5,46.0,50.5,55.5,54.1,56.5,55.0,51.9,53.0,53.5,56.0,47.5,60.9,53.5,56.5
2011-09-01,52.8,51.6,54.8,53.7,51.9,52.0,49.0,56.0,41.5,53.5,54.5,52.7,56.8,55.2,49.4,49.5,51.5,59.0,52.5,61.5,47.5,52.0
2011-10-01,51.8,52.4,55.1,52.8,52.0,46.5,43.5,41.0,47.5,50.0,49.5,52.9,53.9,53.5,52.3,52.0,45.5,57.5,47.0,58.1,48.0,54.0
2011-11-01,52.1,55.2,53.0,54.4,51.3,46.5,50.0,45.0,45.0,52.0,49.0,53.2,56.1,53.5,53.1,50.0,52.5,63.0,48.0,62.9,48.5,55.5
2011-12-01,53.1,55.4,55.0,59.9,49.9,45.5,42.5,47.5,48.0,53.0,54.0,52.6,55.6,54.3,49.0,51.5,48.5,59.5,45.5,61.3,54.0,51.0
2012-01-01,52.8,55.2,54.0,54.3,50.8,49.5,47.5,55.5,52.5,55.0,52.5,55.6,58.7,57.8,54.9,51.0,47.0,58.5,49.5,61.2,55.0,56.5
2012-02-01,52.4,55.2,53.6,55.5,48.4,49.5,46.0,61.5,52.0,59.5,54.0,54.9,59.9,57.0,53.2,49.5,53.5,61.5,53.0,63.9,52.0,54.5
2012-03-01,53.0,55.5,54.6,56.5,48.6,50.0,44.5,61.0,52.5,54.0,53.5,55.1,58.5,57.1,55.2,49.5,54.0,58.5,49.5,65.0,56.0,52.5
2012-04-01,53.7,55.8,56.5,59.2,48.7,48.5,45.5,61.0,49.5,59.0,53.5,54.5,56.0,55.8,54.5,51.5,54.0,61.0,53.0,56.9,56.5,58.0
2012-05-01,53.2,57.1,56.0,56.6,50.2,46.0,43.5,47.5,47.0,53.5,53.5,54.4,56.4,56.1,51.9,53.0,56.0,63.0,53.0,53.8,53.0,53.0
2012-06-01,51.0,51.3,55.8,53.8,50.0,44.0,48.5,37.0,44.5,47.5,53.5,53.3,53.6,55.9,52.5,51.0,53.0,64.5,47.5,51.0,53.5,49.5
2012-07-01,50.6,50.3,53.3,50.6,49.6,49.0,49.5,39.5,43.0,46.5,50.5,52.9,56.2,55.6,50.3,49.5,54.5,59.0,44.5,56.5,44.5,51.0
2012-08-01,51.1,49.6,52.9,49.5,50.3,53.0,49.0,54.0,42.5,47.0,49.0,53.8,55.3,55.0,53.3,51.5,52.5,67.0,50.5,62.1,49.5,52.0
2012-09-01,52.2,53.5,54.3,51.9,50.6,50.5,49.5,58.0,44.0,48.5,49.5,55.3,60.2,56.3,53.2,51.5,48.5,65.0,48.0,66.1,50.0,50.5
2012-10-01,51.2,51.8,53.1,51.9,49.4,50.0,49.0,55.0,41.5,48.0,47.5,54.5,56.1,55.7,54.7,51.5,46.5,64.0,49.0,61.4,49.5,47.5
2012-11-01,49.5,51.4,48.8,52.2,50.2,45.0,42.5,52.5,41.0,47.0,48.0,55.1,60.9,57.3,53.3,49.0,47.0,62.5,53.5,57.5,55.5,48.0
2012-12-01,50.4,50.1,52.7,53.1,52.9,43.0,47.0,55.5,48.5,51.5,51.5,55.7,60.0,59.1,55.2,48.5,50.0,58.0,49.5,55.7,49.0,49.5
2013-01-01,52.3,50.8,53.8,53.8,51.9,51.0,48.5,56.5,47.5,50.5,50.0,54.9,56.4,55.0,55.6,52.5,47.0,64.0,49.0,57.1,51.0,55.5
2013-02-01,53.1,55.7,52.2,54.5,51.5,51.5,46.5,61.5,55.0,53.5,54.0,54.8,56.3,56.0,55.5,51.5,54.0,62.5,54.5,57.4,52.5,60.5
2013-03-01,51.5,51.7,52.1,53.9,50.4,49.5,47.5,54.5,51.0,56.0,54.0,54.5,56.6,55.2,53.2,53.0,51.5,59.5,54.5,56.4,57.5,56.5
2013-04-01,50.0,49.7,50.5,52.1,51.1,46.5,44.5,50.0,53.0,54.0,55.0,53.8,55.9,55.7,52.6,51.0,56.0,60.5,51.5,53.0,58.5,53.5
2013-05-01,50.0,49.6,49.0,52.5,49.7,49.0,46.0,49.5,48.0,51.0,54.5,54.0,57.0,56.6,50.3,52.0,51.5,62.5,51.5,54.4,49.5,50.0
2013-06-01,52.5,55.7,50.0,55.7,50.4,50.5,45.0,52.5,46.5,54.5,56.0,53.4,53.3,54.0,54.9,51.5,54.5,61.5,52.0,56.5,53.5,47.5
2013-07-01,54.9,59.1,55.5,60.8,52.0,47.0,47.5,49.0,45.0,53.5,57.5,55.9,59.5,57.7,53.9,52.5,53.5,64.0,46.5,58.3,50.5,49.5
2013-08-01,56.3,63.6,55.0,63.0,52.4,47.5,42.5,54.0,46.5,55.5,58.0,57.9,61.0,59.7,56.3,54.5,56.0,63.5,50.5,53.6,55.0,50.5
2013-09-01,56.0,61.3,54.8,61.2,52.7,50.0,43.0,56.5,49.5,52.0,55.0,54.5,55.8,58.1,54.1,50.0,54.5,62.0,50.5,56.9,51.5,57.5
2013-10-01,56.6,61.3,54.3,60.8,54.1,52.5,47.0,55.5,51.5,57.0,55.5,55.1,58.9,56.4,56.0,49.0,54.5,62.5,50.0,56.2,55.0,53.0
2013-11-01,57.0,63.4,55.4,62.4,53.3,50.5,45.0,52.5,54.0,59.5,55.0,54.1,55.3,55.7,54.5,51.0,54.0,60.5,49.0,52.7,55.0,58.0
2013-12-01,56.5,64.4,55.8,61.7,53.7,47.0,47.5,53.5,51.5,55.0,55.0,53.0,54.3,50.4,55.6,51.5,48.0,57.5,46.0,54.7,50.5,51.5
2014-01-01,51.3,51.2,52.3,54.8,54.3,44.0,44.0,60.5,48.0,54.5,53.5,54.0,56.3,50.9,56.4,52.5,50.5,63.0,49.0,57.1,48.0,49.0
2014-02-01,54.3,54.5,52.3,48.2,58.5,52.5,46.5,60.0,52.0,53.5,53.5,51.6,54.6,51.3,47.5,53.0,50.5,62.0,52.0,53.7,47.0,47.5
2014-03-01,54.4,55.1,51.1,55.9,54.0,52.5,42.0,59.0,57.5,55.5,54.5,53.1,53.4,53.4,53.6,52.0,48.0,60.5,51.5,58.3,50.5,49.5
2014-04-01,55.3,55.1,54.7,55.7,55.9,53.0,42.0,56.5,55.5,57.0,58.0,55.2,60.9,58.2,51.3,50.5,55.5,65.0,49.0,60.8,55.5,57.0
2014-05-01,55.6,56.9,52.8,61.0,53.2,53.0,46.5,60.0,52.5,56.5,54.5,56.3,62.1,60.5,52.4,50.0,55.5,63.0,54.0,61.4,55.5,53.0
2014-06-01,55.7,58.9,52.8,60.0,51.9,53.0,46.5,58.0,48.0,54.5,57.0,56.0,57.5,61.2,54.4,51.0,53.5,60.5,53.0,61.2,53.0,55.0
2014-07-01,56.4,63.4,58.2,61.2,54.1,48.5,43.5,59.5,49.5,53.0,52.0,58.7,62.4,64.9,56.0,51.5,51.0,58.0,53.0,60.9,54.5,53.0
2014-08-01,58.1,66.7,58.1,64.5,53.9,52.0,49.0,58.0,52.5,55.0,56.0,59.6,65.0,63.8,57.1,52.5,51.0,55.0,54.5,57.7,51.0,52.5
2014-09-01,56.1,60.0,54.6,64.6,52.2,51.5,44.5,59.5,47.0,53.5,53.0,58.6,62.9,61.0,58.5,52.0,52.0,60.0,52.0,55.2,52.5,57.5
2014-10-01,57.9,65.8,55.5,64.8,56.2,52.5,48.0,53.5,53.0,51.5,54.5,57.1,60.0,59.1,59.6,49.5,49.5,58.5,51.5,52.1,56.0,53.5
2014-11-01,57.6,66.0,54.9,64.4,56.8,51.5,50.0,44.5,55.0,55.0,56.0,59.3,64.4,61.4,56.7,54.5,55.5,63.0,55.5,54.4,53.5,57.0
2014-12-01,55.1,57.3,56.8,58.8,59.3,45.5,44.5,38.5,52.5,52.0,55.0,56.2,57.2,58.9,56.0,52.5,50.0,59.0,49.5,49.5,50.0,53.5
2015-01-01,53.5,52.9,54.1,56.5,52.9,51.0,42.5,35.0,46.0,49.5,55.5,56.7,61.5,59.5,51.6,54.0,52.5,61.5,49.0,45.5,46.5,52.5
2015-02-01,52.9,52.5,51.4,53.7,54.3,52.5,46.5,35.0,51.5,48.5,54.0,56.9,59.4,56.7,56.4,55.0,54.5,62.0,53.0,49.7,51.0,53.0
2015-03-01,51.5,51.8,50.0,53.8,50.5,51.5,45.5,39.0,49.5,47.5,52.5,56.5,57.5,57.8,56.6,54.0,49.5,61.0,53.5,52.4,55.5,59.0
2015-04-01,51.5,53.5,48.3,56.0,50.1,49.5,44.0,40.5,49.5,51.5,54.0,57.8,61.6,59.2,56.7,53.5,51.0,59.5,54.5,50.1,51.5,48.5
2015-05-01,52.8,55.8,51.7,54.5,50.7,51.5,45.5,49.5,53.5,50.0,55.0,55.7,59.5,57.9,55.3,50.0,51.0,59.0,48.5,55.9,53.5,55.0
2015-06-01,53.5,56.0,55.5,54.0,48.8,53.0,48.5,49.5,47.0,49.5,53.5,56.0,61.5,58.3,52.7,51.5,55.0,65.0,50.5,53.0,48.0,52.0
2015-07-01,52.7,56.5,52.7,56.0,48.9,49.5,44.0,44.0,42.5,48.0,52.0,60.3,64.9,63.8,59.6,53.0,57.0,63.5,54.0,53.7,50.5,56.5
2015-08-01,51.1,51.7,51.2,53.6,50.7,48.5,53.0,39.0,46.5,46.5,51.5,59.0,63.9,63.4,56.0,52.5,54.5,69.0,56.5,50.8,51.5,52.0
2015-09-01,50.2,50.1,50.5,51.8,50.2,48.5,54.5,38.0,41.5,46.5,50.5,56.9,60.2,56.7,58.3,52.5,51.0,65.0,54.5,48.4,53.0,52.5
2015-10-01,49.4,50.8,47.7,52.5,49.7,46.5,51.0,39.0,42.5,47.5,47.0,59.1,63.0,62.0,59.2,52.0,52.5,63.0,54.5,49.1,54.5,54.5
2015-11-01,48.4,49.0,50.8,49.8,49.6,43.0,50.5,35.5,43.0,47.5,49.0,55.9,58.2,57.5,55.0,53.0,54.5,63.5,51.5,50.3,51.0,49.5
2015-12-01,48.0,48.8,48.0,49.9,49.8,43.5,51.5,33.5,41.0,51.0,45.5,55.3,58.7,58.2,55.7,48.5,53.0,64.5,50.0,49.7,49.0,
2016-01-01,48.2,51.5,45.9,50.2,50.0,43.5,51.5,33.5,43.0,47.0,51.0,53.5,53.9,56.5,52.1,51.5,51.5,61.5,52.0,46.4,46.0,45.5
2016-02-01,49.7,51.5,48.5,52.8,49.7,45.0,47.0,38.5,48.5,46.5,49.0,54.3,57.8,55.5,49.7,50.5,52.5,62.0,52.0,45.5,55.5,53.5
2016-03-01,51.7,58.3,48.1,55.3,50.2,47.0,49.0,51.5,51.0,52.0,49.5,54.9,59.8,56.7,50.3,51.0,52.5,62.5,52.0,49.1,53.0,58.5
2016-04-01,50.7,55.8,49.2,54.2,49.1,45.5,46.0,59.0,50.5,52.5,50.0,55.7,58.8,59.9,53.0,51.0,54.0,61.0,51.5,53.4,54.0,56.5
2016-05-01,51.0,55.7,49.2,52.6,54.1,45.0,50.0,63.5,47.0,52.5,50.0,53.6,55.1,54.2,49.7,52.5,54.0,60.0,50.0,55.6,53.5,49.0
2016-06-01,52.8,57.0,50.4,54.7,55.4,48.5,51.0,60.5,52.5,53.5,52.0,56.1,59.5,59.9,52.7,54.0,55.5,62.5,47.5,55.5,54.0,53.0
2016-07-01,52.3,56.9,49.4,55.4,51.8,49.5,51.0,55.0,48.0,52.5,52.0,54.9,59.3,60.3,51.4,51.0,54.0,63.0,51.0,51.9,53.0,55.5
2016-08-01,49.4,49.1,48.3,49.6,50.9,49.0,49.5,53.0,45.5,52.5,47.0,51.7,51.8,51.4,50.7,51.5,48.0,64.0,49.5,51.8,50.5,46.5
2016-09-01,51.7,55.1,49.7,52.8,50.3,49.5,53.0,53.0,49.5,52.0,49.0,56.6,60.3,60.0,57.2,51.0,51.5,64.5,52.0,54.0,51.0,56.5
2016-10-01,52.0,52.1,52.9,54.6,52.2,47.5,49.5,54.5,45.5,52.5,52.0,54.6,57.7,57.7,53.1,50.5,52.0,62.0,52.0,56.6,53.0,55.5
2016-11-01,53.5,54.8,52.5,55.6,55.5,49.0,49.0,54.5,49.0,52.0,50.5,56.2,61.7,57.0,58.2,52.0,51.5,60.5,51.0,56.3,54.0,57.0
2016-12-01,54.5,60.3,52.8,59.4,53.0,47.0,49.0,65.5,49.0,56.0,50.5,56.6,61.4,61.6,53.8,52.0,52.0,61.5,48.0,57.0,50.0,53.0
2017-01-01,56.0,60.4,56.1,61.4,53.6,48.5,48.5,69.0,49.5,54.5,50.0,56.5,60.3,58.6,54.7,52.5,48.0,62.0,50.0,59.0,54.0,48.0
2017-02-01,57.6,65.1,54.2,62.9,54.8,51.5,47.5,68.0,57.0,55.0,54.0,57.4,63.6,61.2,55.2,50.5,52.0,64.5,54.0,57.7,51.0,57.0
2017-03-01,56.6,64.5,58.9,57.6,55.9,49.0,47.0,70.5,57.5,59.0,53.5,55.6,58.9,58.9,51.6,51.5,48.5,65.0,53.0,53.5,56.5,62.5
2017-04-01,55.3,57.5,52.0,58.6,55.1,51.0,45.5,68.5,57.0,59.5,55.5,57.3,62.4,63.2,51.4,53.0,52.5,60.0,53.5,57.6,53.0,65.5
2017-05-01,55.5,59.5,53.5,57.1,53.1,51.5,49.5,60.5,55.0,57.5,53.5,57.1,60.7,57.7,57.8,51.5,54.0,63.0,57.0,49.2,48.5,54.5
2017-06-01,56.7,63.5,57.2,62.4,57.0,49.0,50.5,55.0,57.0,59.5,54.0,57.2,60.8,60.5,55.8,52.5,57.5,62.0,52.5,52.1,51.0,55.0
2017-07-01,56.5,60.4,55.2,60.6,55.4,50.0,49.0,62.0,55.0,57.5,56.0,54.3,55.9,55.1,53.6,51.0,56.5,67.5,52.0,55.7,51.5,53.0
2017-08-01,59.3,60.3,59.9,61.0,57.1,55.5,41.0,62.0,57.5,55.5,54.5,55.2,57.5,57.1,56.2,50.5,53.5,61.0,53.5,57.9,50.5,55.0
2017-09-01,60.2,64.6,60.3,62.2,64.4,52.5,42.0,71.5,58.0,57.0,54.0,59.4,61.3,63.0,56.8,58.0,51.5,58.5,56.0,66.3,52.0,56.0
2017-10-01,58.5,63.5,59.8,61.0,60.1,48.1,43.5,68.1,53.9,55.1,54.3,59.8,61.5,62.6,57.0,58.0,52.5,61.0,53.5,61.5,52.0,60.0
2017-11-01,58.2,63.9,59.2,64.3,56.6,47.1,45.1,64.8,54.3,56.3,54.3,57.3,61.1,58.8,55.4,54.0,54.5,56.0,51.5,60.1,52.5,57.0
2017-12-01,59.3,67.4,58.1,65.2,57.2,48.5,42.9,68.3,54.9,57.6,56.5,56.0,57.8,54.5,56.3,55.5,53.5,62.5,50.0,59.9,52.5,56.5
2018-01-01,59.1,65.4,54.2,64.5,59.1,52.3,45.6,72.7,56.2,59.8,58.4,59.9,59.8,62.7,61.6,55.5,49.0,61.0,50.5,61.9,54.0,58.0
2018-02-01,60.7,64.2,59.7,62.0,61.1,56.7,43.7,74.2,59.8,62.8,60.5,59.5,62.8,64.8,55.0,55.5,53.5,61.0,56.0,61.0,50.0,59.5
2018-03-01,59.3,61.9,57.3,61.0,60.6,55.5,42.0,78.1,59.8,58.7,59.7,58.8,60.6,59.5,56.6,58.5,53.5,58.5,56.5,61.5,55.0,58.0
2018-04-01,57.9,61.2,54.2,57.2,61.1,52.9,44.3,79.3,62.0,57.7,57.8,56.8,59.1,60.0,53.6,54.5,57.0,60.0,52.0,61.8,54.5,61.5
2018-05-01,58.7,63.7,56.3,61.5,62.0,50.2,39.6,79.5,63.5,55.6,54.1,58.6,61.3,60.5,54.1,58.5,57.5,61.0,60.5,64.3,54.0,57.5
2018-06-01,60.0,63.5,56.0,62.3,68.2,50.8,39.7,76.8,60.1,56.3,59.0,59.1,63.9,63.2,53.6,55.5,53.5,57.5,56.5,60.7,51.5,60.5
2018-07-01,58.4,60.2,56.5,58.5,62.1,53.3,39.4,73.2,54.7,55.3,54.7,55.7,56.5,57.0,56.1,53.0,53.5,58.0,51.5,63.4,52.5,58.0
2018-08-01,60.8,65.1,58.5,63.3,64.5,55.4,41.0,72.1,57.5,55.2,53.9,58.8,60.7,60.4,56.7,56.0,53.5,59.5,56.5,62.8,52.0,60.5
2018-09-01,59.5,61.8,58.8,63.9,61.1,53.3,40.5,66.9,55.7,56.0,54.5,60.8,65.2,61.6,62.4,57.0,54.5,59.5,58.5,64.2,55.0,61.0
2018-10-01,57.5,58.0,56.5,59.3,63.2,50.7,43.3,71.6,55.8,52.2,54.3,60.0,62.6,61.7,58.3,57.5,56.0,62.0,53.5,61.3,51.0,61.0
2018-11-01,58.8,61.8,57.7,59.9,61.5,52.9,41.5,60.7,56.4,52.2,53.6,60.4,64.3,62.7,58.0,56.5,57.5,60.0,55.5,64.3,54.5,57.5
2018-12-01,54.3,51.3,56.0,54.1,59.0,51.2,41.7,54.9,50.0,52.8,52.7,58.0,61.2,62.7,56.6,51.5,51.5,59.0,50.5,58.0,53.5,59.5
2019-01-01,56.6,58.2,55.5,60.5,56.2,52.8,42.8,49.6,50.3,51.8,53.8,56.7,59.7,57.7,57.8,51.5,49.0,60.5,52.5,59.4,52.0,50.5
2019-02-01,54.1,55.5,52.3,54.8,54.9,53.4,39.0,49.4,52.3,52.8,55.3,59.7,64.7,65.2,55.2,53.5,51.0,59.0,55.5,54.4,48.5,55.0
2019-03-01,54.6,57.4,57.5,55.8,54.2,51.8,42.7,54.3,50.4,51.7,51.1,56.1,57.4,59.0,55.9,52.0,50.0,62.5,56.5,58.7,51.5,52.5
2019-04-01,53.4,51.7,52.4,52.3,54.6,52.9,42.6,50.0,53.9,49.5,49.8,55.5,59.5,58.1,53.7,50.5,51.5,60.0,55.0,55.7,55.0,57.0
2019-05-01,52.3,52.7,53.7,51.3,52.0,50.9,43.7,53.2,47.2,51.0,49.4,56.9,61.2,58.6,58.1,49.5,54.0,58.5,52.5,55.4,50.0,55.5
2019-06-01,51.6,50.0,54.5,54.1,50.7,49.1,44.6,47.9,47.4,50.5,50.0,55.1,58.2,55.8,55.0,51.5,55.0,58.5,56.0,58.9,50.0,55.5
2019-07-01,51.3,50.8,51.7,50.8,53.3,49.5,45.7,45.1,43.1,48.1,47.0,54.8,53.1,54.1,56.2,51.5,50.0,60.5,53.5,56.5,53.5,53.5
2019-08-01,48.8,47.2,47.4,49.5,51.4,49.9,44.9,46.0,46.3,43.3,46.0,56.0,61.5,60.3,53.1,50.5,55.0,56.0,49.0,58.2,50.5,50.5
2019-09-01,48.2,47.3,46.3,47.3,51.1,46.9,45.5,49.7,45.1,41.0,48.1,53.5,55.2,53.7,50.4,51.0,53.0,58.0,54.0,60.0,49.0,52.0
2019-10-01,48.5,48.9,47.9,46.3,50.1,49.4,47.8,45.5,44.1,50.4,45.3,54.4,55.5,55.6,53.9,52.5,50.5,57.0,48.5,57.3,48.5,50.0
2019-11-01,48.1,46.8,46.8,48.0,51.7,47.2,45.0,46.7,43.0,47.9,48.3,53.9,52.3,56.7,54.9,51.5,50.5,58.5,48.5,58.8,45.0,52.0
2019-12-01,47.8,47.6,45.2,44.8,52.2,49.2,41.1,51.7,43.3,47.3,48.8,54.9,57.0,55.3,54.8,52.5,51.0,60.0,47.5,59.3,48.0,51.0
2020-01-01,50.9,52.0,46.6,54.3,52.9,48.8,43.8,53.3,45.7,53.3,51.3,55.5,60.9,56.2,53.1,51.7,46.5,54.9,45.5,55.5,55.1,50.1
2020-02-01,50.3,49.8,46.9,50.3,57.3,46.5,41.8,45.9,50.3,51.2,42.6,56.7,57.8,63.1,55.6,52.4,53.9,59.3,53.2,50.8,52.6,55.6
2020-03-01,49.7,42.2,43.8,47.7,65.0,46.9,43.4,37.4,45.9,46.6,42.1,53.6,48.0,52.9,47.0,62.1,41.5,47.8,55.0,50.0,40.2,45.9
2020-04-01,41.7,27.1,27.5,27.5,76.0,49.7,48.8,35.3,37.8,35.3,42.7,41.6,26.0,32.9,30.0,78.3,46.9,62.6,47.7,55.1,49.3,36.3
2020-05-01,43.1,31.8,32.1,33.2,68.0,50.4,46.2,40.8,38.2,39.5,41.3,45.4,41.0,41.9,31.8,67.0,48.0,55.1,46.4,55.6,43.7,41.5
2020-06-01,52.2,56.4,42.1,57.3,56.9,50.5,44.6,51.3,45.3,47.6,48.8,56.5,66.0,61.6,43.1,57.5,60.7,55.9,51.9,62.4,52.9,58.9
2020-07-01,53.7,61.5,44.3,62.1,55.8,47.0,41.6,53.2,51.8,50.4,53.1,56.6,67.2,67.7,42.1,55.2,52.0,50.0,55.9,57.6,46.3,49.3
2020-08-01,55.6,67.6,46.4,63.3,58.2,44.4,38.1,59.5,54.6,53.3,55.6,57.2,62.4,56.8,47.9,60.5,45.8,52.5,56.6,64.2,50.8,55.8
2020-09-01,55.7,60.2,49.6,61.0,59.0,47.1,37.9,62.8,55.2,54.3,54.0,57.2,63.0,61.5,51.8,54.9,48.8,55.4,50.1,59.0,46.6,52.6
2020-10-01,58.8,66.9,52.1,63.1,60.5,51.6,36.7,65.5,55.7,55.7,58.1,56.2,61.1,57.3,50.1,56.1,53.1,51.1,54.4,62.7,52.5,53.7
2020-11-01,57.7,65.7,48.3,62.2,61.7,50.8,36.3,65.4,56.9,57.8,55.1,56.8,59.6,59.0,51.5,57.1,49.3,49.9,50.7,63.9,55.0,50.4
2020-12-01,60.5,67.5,51.7,64.7,67.7,51.0,37.9,77.6,59.1,57.5,54.6,57.7,60.5,58.6,48.7,62.8,58.2,47.7,48.7,64.4,51.8,57.3
2021-01-01,58.7,61.1,52.6,60.7,68.2,50.8,33.1,82.1,59.7,54.9,56.8,58.7,59.9,61.8,55.2,57.8,49.2,49.7,50.9,64.2,53.5,47.0
2021-02-01,60.9,64.8,54.4,63.2,72.0,49.7,32.5,86.0,64.0,57.2,56.1,55.9,55.5,51.9,52.7,60.8,58.9,54.3,55.2,71.8,50.5,57.6
2021-03-01,63.7,68.0,59.6,68.1,76.6,50.8,29.9,85.6,67.5,54.5,56.7,62.2,69.4,67.2,57.2,61.0,54.0,52.7,50.2,74.0,50.7,55.5
2021-04-01,60.6,64.3,55.1,62.5,75.0,46.5,28.4,89.6,68.2,54.9,52.2,62.7,62.7,63.2,58.8,66.1,49.1,46.8,55.7,76.8,55.7,58.6
2021-05-01,61.6,67.0,50.9,58.5,78.8,50.8,28.0,88.0,70.6,55.4,54.0,63.2,66.2,63.9,55.3,70.4,51.5,40.5,61.1,80.6,50.4,60.0
2021-06-01,60.9,66.0,49.9,60.8,75.1,51.1,30.8,92.1,64.5,56.2,61.0,60.7,60.4,62.1,49.3,68.5,49.9,37.2,65.8,79.5,58.2,50.7
2021-07-01,59.9,64.9,52.9,58.4,72.5,48.9,25.0,85.7,65.0,55.7,53.7,64.1,67.0,63.7,53.8,72.0,49.2,40.3,63.5,82.3,51.6,65.8
2021-08-01,59.7,66.7,49.0,60.0,69.5,54.2,30.2,79.4,68.2,56.6,54.3,62.2,60.1,63.2,53.7,69.6,46.9,41.4,61.3,75.4,48.7,60.6
2021-09-01,60.5,66.7,50.2,59.4,73.4,55.6,31.7,81.2,64.8,53.4,54.9,62.6,62.3,63.5,53.0,68.8,46.1,46.3,61.9,77.5,47.7,59.5
2021-10-01,60.8,60.6,52.1,59.0,75.6,56.4,31.7,85.7,63.6,54.6,49.1,66.7,69.4,69.0,52.8,75.7,42.2,37.3,67.3,83.0,53.3,62.3
2021-11-01,60.6,61.4,53.0,60.2,72.2,56.3,25.1,82.4,61.9,54.0,52.6,68.4,72.5,68.3,57.0,75.7,48.2,36.4,65.9,83.0,50.5,57.9
2021-12-01,58.8,61.0,53.9,59.4,64.9,54.6,31.7,68.2,62.8,53.6,53.8,62.3,68.3,62.1,54.7,63.9,46.7,38.3,62.3,83.9,55.5,61.5
2022-01-01,57.6,57.9,54.5,57.8,64.6,53.2,33.0,76.1,56.4,53.7,55.1,59.9,59.9,61.7,52.3,65.7,49.4,47.5,57.4,82.3,51.1,45.9
2022-02-01,58.6,61.7,52.9,58.5,66.1,53.6,31.8,75.6,65.0,57.1,55.4,56.5,55.1,56.1,48.5,66.2,50.8,55.3,64.2,83.1,51.7,53.0
2022-03-01,57.1,53.8,56.3,54.5,65.4,55.5,34.1,87.1,60.0,53.2,51.8,58.3,55.5,60.1,54.0,63.4,51.7,40.2,64.5,83.8,45.0,61.0
